url,raw_path,http_status,n_bytes,sha256,fetched_at_utc
https://www.federalreserve.gov/monetarypolicy/fomcminutes20071031.htm,data\raw\fomc_minutes\20071031_9d77d6.htm,200,45697,6dbc6ec4f0b3c3226e64c8197c45ea605e2e7b0863e55fe78f997d4e72fd6ae7,2026-08-03T22:16:25+00:00
https://www.federalreserve.gov/monetarypolicy/fomcminutes20071211.htm,data\raw\fomc_minutes\20071211_9e663c.htm,200,48494,d947fa6a5bff642bc42e9d7735466ea086423bf4b4b6aa8c17674e58dca5a4a0,2026-08-03T22:16:26+00:00
https://www.federalreserve.gov/monetarypolicy/fomcminutes20080130.htm,data\raw\fomc_minutes\20080130_49ea56.htm,200,74465,dbdc857ecff59d62dbf15e0d30bc2c762671f0d8c53a04529b5972e8a3f63dfe,2026-08-03T22:16:27+00:00
https://www.federalreserve.gov/monetarypolicy/fomcminutes20080318.htm,data\raw\fomc_minutes\20080318_b4d862.htm,200,49050,20c5c49899a25dc2373d484bf8d778b2be3fca81847c42359579a82c7bbdeeae,2026-08-03T22:16:29+00:00
https://www.federalreserve.gov/monetarypolicy/fomcminutes20080430.htm,data\raw\fomc_minutes\20080430_a20d40.htm,200,55726,7a9a7739cc213dbdbe0d0258168fe9a879f9e4d27b8d005fe768a03fc4381872,2026-08-03T22:16:30+00:00
https://www.federalreserve.gov/monetarypolicy/fomcminutes20080805.htm,data\raw\fomc_minutes\20080805_c9561c.htm,200,43157,60d6fb0485fcd583d34c7b2b1c54f0f263cf83edc00371b34d2e40ab252f8517,2026-08-03T22:16:31+00:00
https://www.federalreserve.gov/monetarypolicy/fomcminutes20080916.htm,data\raw\fomc_minutes\20080916_0a4da7.htm,200,38857,78eb919fa57b95d11a82660b8be60dd80bed220a0649d8bc0a05c3aa46a7218a,2026-08-03T22:16:33+00:00
https://www.federalreserve.gov/monetarypolicy/fomcminutes20081029.htm,data\raw\fomc_minutes\20081029_834644.htm,200,62194,918f1cef3b8982d8674dc6baf67114211032975a86908ae941764da6e5316165,2026-08-03T22:16:34+00:00
https://www.federalreserve.gov/monetarypolicy/fomcminutes20081216.htm,data\raw\fomc_minutes\20081216_90670a.htm,200,59906,813cc53e932aa30eb818c7921bca709b2b4eaade45a1a2d008186b251392ea21,2026-08-03T22:16:35+00:00
https://www.federalreserve.gov/monetarypolicy/fomcminutes20090128.htm,data\raw\fomc_minutes\20090128_fac980.htm,200,82525,ed89d7b19017cd869c639cb09d5c62812661b4473d3ec4f2bce034a1282b5037,2026-08-03T22:16:37+00:00
https://www.federalreserve.gov/monetarypolicy/fomcminutes20090318.htm,data\raw\fomc_minutes\20090318_ab5b9a.htm,200,54763,4447d6854b4a319cffaccb93ab40fca68da0c7075e772fa9afc142dc7615e2b8,2026-08-03T22:16:38+00:00
https://www.federalreserve.gov/monetarypolicy/fomcminutes20090429.htm,data\raw\fomc_minutes\20090429_478e16.htm,200,52491,3147e56e17905818e8f0d0d2101bb93664b9559286d16cffa05d06256048953d,2026-08-03T22:16:39+00:00
https://www.federalreserve.gov/monetarypolicy/fomcminutes20090624.htm,data\raw\fomc_minutes\20090624_d1645a.htm,200,63512,048f815791692645ff4c6b8b9892a425055d5a5d0b34706b238135be49440c8f,2026-08-03T22:16:40+00:00
https://www.federalreserve.gov/monetarypolicy/fomcminutes20090812.htm,data\raw\fomc_minutes\20090812_2cfbbc.htm,200,54763,2040422511d84362f54820bacf5d6a9b8b0cd608451156ff86f835cb2273da09,2026-08-03T22:16:42+00:00
https://www.federalreserve.gov/monetarypolicy/fomcminutes20090923.htm,data\raw\fomc_minutes\20090923_cb4965.htm,200,58170,9acb1cc1450b0ed0552d5e280f186dd54b76f548d9dd82be7172ce7a6dc79a73,2026-08-03T22:16:43+00:00
https://www.federalreserve.gov/monetarypolicy/fomcminutes20091104.htm,data\raw\fomc_minutes\20091104_ab4627.htm,200,54969,d18188a235e67bff270f279b2c964cd8a931be9009896de0608863da1db6c45d,2026-08-03T22:16:44+00:00
https://www.federalreserve.gov/monetarypolicy/fomcminutes20091216.htm,data\raw\fomc_minutes\20091216_f5dca3.htm,200,64027,d8df8771580a39dece86246f7e19d49e82db9ddecc9426505ed7b223b98651cb,2026-08-03T22:16:46+00:00
https://www.federalreserve.gov/monetarypolicy/fomcminutes20100127.htm,data\raw\fomc_minutes\20100127_a7297f.htm,200,85649,b4791f1489424c2c63bcdc16ff9e18532db1829ff7e5f85d780551869d3e3f41,2026-08-03T22:16:47+00:00
https://www.federalreserve.gov/monetarypolicy/fomcminutes20100316.htm,data\raw\fomc_minutes\20100316_878c2a.htm,200,54274,e7f5731db0adc832ead344a3a4dec532e0219946163b4494b25914c3b1a36a90,2026-08-03T22:16:48+00:00
https://www.federalreserve.gov/monetarypolicy/fomcminutes20100428.htm,data\raw\fomc_minutes\20100428_4e287c.htm,200,57376,d31dff8f94bf6c044aa9e5e841450333418cb38cb5be6b708b1a41a9ed3e94cf,2026-08-03T22:16:50+00:00
https://www.federalreserve.gov/monetarypolicy/fomcminutes20100623.htm,data\raw\fomc_minutes\20100623_d97ca1.htm,200,63595,c24a6e37046b3199f9e03c08885ca02db537df8cf98e6a4b53b5b43753935cc5,2026-08-03T22:16:51+00:00
https://www.federalreserve.gov/monetarypolicy/fomcminutes20100810.htm,data\raw\fomc_minutes\20100810_5300a4.htm,200,55317,23c8728b57321d33d7c948d7175d1cc6789cc5a75a31f1ef3374d4f0e7141313,2026-08-03T22:16:52+00:00
https://www.federalreserve.gov/monetarypolicy/fomcminutes20100921.htm,data\raw\fomc_minutes\20100921_408a74.htm,200,50263,16f5e61246d4af848b8899c923652545b08f54386578de81a69a5f004dc21010,2026-08-03T22:16:53+00:00
https://www.federalreserve.gov/monetarypolicy/fomcminutes20101103.htm,data\raw\fomc_minutes\20101103_99e02e.htm,200,58031,d9d555ac555b3f30e084600789363a4f1ae03e5305883a0b4259f8a79f24113c,2026-08-03T22:16:55+00:00
https://www.federalreserve.gov/monetarypolicy/fomcminutes20101214.htm,data\raw\fomc_minutes\20101214_62c73f.htm,200,54778,5c3fb313817e0f5ae9e561cd84b77e2899dc838c975018dded39c20da8163203,2026-08-03T22:16:56+00:00
https://www.federalreserve.gov/monetarypolicy/fomcminutes20110126.htm,data\raw\fomc_minutes\20110126_7fd4ab.htm,200,84727,13a7deb34e38a8f9734b0378638481609746929a62c65f4249fbbbb5132d590b,2026-08-03T22:16:57+00:00
https://www.federalreserve.gov/monetarypolicy/fomcminutes20110315.htm,data\raw\fomc_minutes\20110315_b599ce.htm,200,55283,3678a11638a649594a6ea801617c8e5a721253989f3146b20f43eba5ec68cee3,2026-08-03T22:16:59+00:00
https://www.federalreserve.gov/monetarypolicy/fomcminutes20110427.htm,data\raw\fomc_minutes\20110427_aa72a5.htm,200,62332,13e0f53c9963afb0d7d87ee6bc53665fd1efa571fcf2167995bbdf246d878d10,2026-08-03T22:17:00+00:00
https://www.federalreserve.gov/monetarypolicy/fomcminutes20110622.htm,data\raw\fomc_minutes\20110622_40d842.htm,200,61102,7d2d8c2c42f2a37f2566c53d6e72551171ea04c7c9d8a14d9579313afa503619,2026-08-03T22:17:01+00:00
https://www.federalreserve.gov/monetarypolicy/fomcminutes20110809.htm,data\raw\fomc_minutes\20110809_b9cdb3.htm,200,54546,843977ced00e3bee83d4d126278ea5325ef60a2decf54076d300f640ec40b8b3,2026-08-03T22:17:03+00:00
https://www.federalreserve.gov/monetarypolicy/fomcminutes20110921.htm,data\raw\fomc_minutes\20110921_58eac8.htm,200,66772,372563887a87000ba70638fc3f0f949a06f7f6fe440f0f8be0723c8c8156a467,2026-08-03T22:17:04+00:00
https://www.federalreserve.gov/monetarypolicy/fomcminutes20111102.htm,data\raw\fomc_minutes\20111102_ed5d6d.htm,200,62265,114b4fffb0c6c29eab4b67f4415262dfeaa76b5bdc392bfeb5db450c2f03ed6d,2026-08-03T22:17:05+00:00
https://www.federalreserve.gov/monetarypolicy/fomcminutes20111213.htm,data\raw\fomc_minutes\20111213_ede10f.htm,200,62101,5407f6e413fa7259c35a4cd1ec2aef819b411568faa37cbb4347765560547934,2026-08-03T22:17:07+00:00
https://www.federalreserve.gov/monetarypolicy/fomcminutes20120125.htm,data\raw\fomc_minutes\20120125_d87729.htm,200,154075,984fedb4e02fed1dfdbc01562013e8fd1fbef43354d5689c3e5137f8f06dba26,2026-08-03T22:17:08+00:00
https://www.federalreserve.gov/monetarypolicy/fomcminutes20120313.htm,data\raw\fomc_minutes\20120313_f812fe.htm,200,121142,12bf820b4b37c210e781fe10ce6946166305b6c7de4ae0043039ec0f96fa0b66,2026-08-03T22:17:09+00:00
https://www.federalreserve.gov/monetarypolicy/fomcminutes20120425.htm,data\raw\fomc_minutes\20120425_580104.htm,200,126058,d5f89853e5c52fd85b4c4b110f46615e9c228d8728184592551528972cb399c3,2026-08-03T22:17:10+00:00
https://www.federalreserve.gov/monetarypolicy/fomcminutes20120620.htm,data\raw\fomc_minutes\20120620_85f785.htm,200,132876,87f6e4cf9154cc7ffea522c22e6fcfe9412ade915458a870c3b5424c828d8d9d,2026-08-03T22:17:12+00:00
https://www.federalreserve.gov/monetarypolicy/fomcminutes20120801.htm,data\raw\fomc_minutes\20120801_c6d566.htm,200,126514,b49500e19deb64da83132abe4870878ebf8397babe6446c6d4a0d7a73fa5b8bf,2026-08-03T22:17:13+00:00
https://www.federalreserve.gov/monetarypolicy/fomcminutes20120913.htm,data\raw\fomc_minutes\20120913_ab983d.htm,200,130065,6f8d25f2c951fe615f767e85c50f72ee07308be6a96eaf0b9538005f3b93e2a0,2026-08-03T22:17:14+00:00
https://www.federalreserve.gov/monetarypolicy/fomcminutes20121024.htm,data\raw\fomc_minutes\20121024_1c563d.htm,200,123603,e5880c54679ff55f454d2af6995b0b07c86c310c77b369fba2dde25e134f1e7e,2026-08-03T22:17:16+00:00
https://www.federalreserve.gov/monetarypolicy/fomcminutes20121212.htm,data\raw\fomc_minutes\20121212_df5937.htm,200,130152,477096b9dd8152f4fd1b9798bd2bcab93edc984721ce2612474b8e2c997c5fed,2026-08-03T22:17:17+00:00
https://www.federalreserve.gov/monetarypolicy/fomcminutes20130130.htm,data\raw\fomc_minutes\20130130_2490c5.htm,200,154944,c628ebe133213728561408a0e3a0e56482ca16a036106f59fbd23f0abe36d460,2026-08-03T22:17:18+00:00
https://www.federalreserve.gov/monetarypolicy/fomcminutes20130320.htm,data\raw\fomc_minutes\20130320_a49e1d.htm,200,127488,a3242a4c7a0f989d08361fe639f9f6f0ec08ec347882c33e8569fb46fb8da882,2026-08-03T22:17:20+00:00
https://www.federalreserve.gov/monetarypolicy/fomcminutes20130501.htm,data\raw\fomc_minutes\20130501_0d138d.htm,200,124621,dabc9a59e68800915e34d58af698c55e61a91fa76574428820d5aca494d024d9,2026-08-03T22:17:21+00:00
https://www.federalreserve.gov/monetarypolicy/fomcminutes20130619.htm,data\raw\fomc_minutes\20130619_f0e73d.htm,200,133418,c8512293407f2953bb3da915a02b7c71f1daa14a1b2e058974ac41b013c9e229,2026-08-03T22:17:22+00:00
https://www.federalreserve.gov/monetarypolicy/fomcminutes20130731.htm,data\raw\fomc_minutes\20130731_8d4e9d.htm,200,126744,8d3b4162fa08978bc83244b28832bb16773a88c1159757f451a2e070b1b7d280,2026-08-03T22:17:24+00:00
https://www.federalreserve.gov/monetarypolicy/fomcminutes20130918.htm,data\raw\fomc_minutes\20130918_75d2ce.htm,200,133695,5b307330cb16dee1191b52b8dc737f738dce5ff8fb24be96809846227bb457a1,2026-08-03T22:17:25+00:00
https://www.federalreserve.gov/monetarypolicy/fomcminutes20131030.htm,data\raw\fomc_minutes\20131030_ebb7d9.htm,200,129879,0361247365226fea5fde5c6f6ec257c233aece1af8b05d41c292f8b1a2ca3af0,2026-08-03T22:17:26+00:00
https://www.federalreserve.gov/monetarypolicy/fomcminutes20131218.htm,data\raw\fomc_minutes\20131218_a211b9.htm,200,137572,318ab5eee414b30ff4ff46fc68ba62f4e23d7d36af779c38816ec4b47997b47e,2026-08-03T22:17:27+00:00
https://www.federalreserve.gov/monetarypolicy/fomcminutes20140129.htm,data\raw\fomc_minutes\20140129_bcf062.htm,200,161387,a83abc0f3d62b5e372c46629735d84ea4f91d14888b1e2f0d3065544a72e75a0,2026-08-03T22:17:29+00:00
https://www.federalreserve.gov/monetarypolicy/fomcminutes20140319.htm,data\raw\fomc_minutes\20140319_6174cb.htm,200,134564,2ba939a0da13d98debb34d661d6287b38820551d4b507be4fd1d877263a748e1,2026-08-03T22:17:30+00:00
https://www.federalreserve.gov/monetarypolicy/fomcminutes20140430.htm,data\raw\fomc_minutes\20140430_878379.htm,200,124577,52531cfe33f474cc24926c2b81369f2239cece32bcd71e9eae8deb69fc2fcca9,2026-08-03T22:17:31+00:00
https://www.federalreserve.gov/monetarypolicy/fomcminutes20140618.htm,data\raw\fomc_minutes\20140618_3f79da.htm,200,136632,6d9103079406be0c7316bf663218449e25153b50fd1c6d557e25c40e66c61b2d,2026-08-03T22:17:33+00:00
https://www.federalreserve.gov/monetarypolicy/fomcminutes20140730.htm,data\raw\fomc_minutes\20140730_46c22d.htm,200,132729,f71cf497fb939f8ee3238f5b658a4e6cdcf021baa7de113dce2914ab29d080d3,2026-08-03T22:17:34+00:00
https://www.federalreserve.gov/monetarypolicy/fomcminutes20140917.htm,data\raw\fomc_minutes\20140917_8b179d.htm,200,140847,260ed311a87860e7b56162f8c2f367c0f54cbd2f9dcbdf946be7d1de00b3f765,2026-08-03T22:17:35+00:00
https://www.federalreserve.gov/monetarypolicy/fomcminutes20141029.htm,data\raw\fomc_minutes\20141029_21f386.htm,200,135063,c4b1a89d1b0436ca74ea01203dc28227f9515d99c4b075d3d93addc83ffda789,2026-08-03T22:17:37+00:00
https://www.federalreserve.gov/monetarypolicy/fomcminutes20141217.htm,data\raw\fomc_minutes\20141217_12f9a8.htm,200,129681,ae352c25a130524983173f1c1312f721fed8a4054a41f2dcf7989b86ba476211,2026-08-03T22:17:38+00:00
https://www.federalreserve.gov/monetarypolicy/fomcminutes20150128.htm,data\raw\fomc_minutes\20150128_3c4868.htm,200,178989,8f2622ce19712e6464e35280d994b44ff4593caad25f4d3bcff8753830baaedf,2026-08-03T22:17:39+00:00
https://www.federalreserve.gov/monetarypolicy/fomcminutes20150318.htm,data\raw\fomc_minutes\20150318_07fe86.htm,200,136043,01e937ba42925de2db98a2e714dc7242b8f66904eb214b2bf14bfa1ac27e3f50,2026-08-03T22:17:40+00:00
https://www.federalreserve.gov/monetarypolicy/fomcminutes20150429.htm,data\raw\fomc_minutes\20150429_9e43c6.htm,200,130010,187305fe3fe102abcbf2f47d322de31f0b2fec0a987c95e5905d39b137146eaf,2026-08-03T22:17:42+00:00
https://www.federalreserve.gov/monetarypolicy/fomcminutes20150617.htm,data\raw\fomc_minutes\20150617_61f0a0.htm,200,133496,788ad6c43a3faef25d7e977147655cae1e7892e1c3fe325cda98e0deab295d90,2026-08-03T22:17:43+00:00
https://www.federalreserve.gov/monetarypolicy/fomcminutes20150729.htm,data\raw\fomc_minutes\20150729_0c43c6.htm,200,136097,dc042f770e83e0644379c5a679b8160bceebc80c61656cc2bd451ab50cb064a6,2026-08-03T22:17:44+00:00
https://www.federalreserve.gov/monetarypolicy/fomcminutes20150917.htm,data\raw\fomc_minutes\20150917_f73517.htm,200,129181,a40c87f47b078d3deacb0568f38c5b8333b40502a1dddd99ed972a108f5aac05,2026-08-03T22:17:46+00:00
https://www.federalreserve.gov/monetarypolicy/fomcminutes20151028.htm,data\raw\fomc_minutes\20151028_2a342c.htm,200,133831,b0cafb04b06c34cfe0c5f0595535c5d6de699f37f3937315958ed1f2187a860d,2026-08-03T22:17:47+00:00
https://www.federalreserve.gov/monetarypolicy/fomcminutes20151216.htm,data\raw\fomc_minutes\20151216_777a7e.htm,200,130918,bf77c9f295e7ed6440ca31a31cada78f6f09bda7a5ca7bb133f5deeabda254af,2026-08-03T22:17:48+00:00
https://www.federalreserve.gov/monetarypolicy/fomcminutes20160127.htm,data\raw\fomc_minutes\20160127_df0dd5.htm,200,174162,fe1ce9baf1365ef7a93dae787f76228f1327f0706c76d200596bb1fdad2ff8e5,2026-08-03T22:17:50+00:00
https://www.federalreserve.gov/monetarypolicy/fomcminutes20160316.htm,data\raw\fomc_minutes\20160316_57a282.htm,200,131413,d20d70d26649beb5f7393afa844829da350a46296ec33d8b4d2386a1bd69b68c,2026-08-03T22:17:51+00:00
https://www.federalreserve.gov/monetarypolicy/fomcminutes20160427.htm,data\raw\fomc_minutes\20160427_6ee442.htm,200,141444,37bafb19c360d9ad54307f63ad3bbaeecd0632d95406a1956d978e62b86d2845,2026-08-03T22:17:52+00:00
https://www.federalreserve.gov/monetarypolicy/fomcminutes20160615.htm,data\raw\fomc_minutes\20160615_dce2c9.htm,200,134604,80803253e1e7e839bbf5d06d666b67f0bd0724eff392ba983c20f755ba82da36,2026-08-03T22:17:54+00:00
https://www.federalreserve.gov/monetarypolicy/fomcminutes20160727.htm,data\raw\fomc_minutes\20160727_1ec977.htm,200,147937,7481371b76eb6b21104ca07d99801389685144343a1980dafe685f348ebc13ca,2026-08-03T22:17:55+00:00
https://www.federalreserve.gov/monetarypolicy/fomcminutes20160921.htm,data\raw\fomc_minutes\20160921_b41207.htm,200,154480,3ccec4b4923ab07d9ffeafb3dda8878f9fc778e13c81d8725f39226ae922f9fb,2026-08-03T22:17:56+00:00
https://www.federalreserve.gov/monetarypolicy/fomcminutes20161102.htm,data\raw\fomc_minutes\20161102_ac5244.htm,200,141360,b83e5179d6d204efefea2bc287ebf068e975d5f7232595be201a7c9a4fc18b6a,2026-08-03T22:17:58+00:00
https://www.federalreserve.gov/monetarypolicy/fomcminutes20161214.htm,data\raw\fomc_minutes\20161214_bd19f2.htm,200,136173,414055909556d7557cdee864a587c2873ecab3e7bbb4073cfc477950a870b590,2026-08-03T22:17:59+00:00
https://www.federalreserve.gov/monetarypolicy/fomcminutes20170201.htm,data\raw\fomc_minutes\20170201_f42ef0.htm,200,167071,066e80d5e61531329cb85fc890ad22b5e4fa288169c1646cbdbcfe87cf996c6c,2026-08-03T22:18:00+00:00
https://www.federalreserve.gov/monetarypolicy/fomcminutes20170315.htm,data\raw\fomc_minutes\20170315_2b8768.htm,200,139926,2355ad45038a7963fcbbea20f4e17d72cf167e8c72630848271844262ef25429,2026-08-03T22:18:02+00:00
https://www.federalreserve.gov/monetarypolicy/fomcminutes20170503.htm,data\raw\fomc_minutes\20170503_2cb1d5.htm,200,136753,57d3d978adaeb5f81ce948b266eb6d7a488aa29be6b2f97193b13e21ba8184f7,2026-08-03T22:18:03+00:00
https://www.federalreserve.gov/monetarypolicy/fomcminutes20170614.htm,data\raw\fomc_minutes\20170614_c494a6.htm,200,139164,c5529a1661176d169c605060c8cb754f5b180c5bcbbd3d26db83b163df99b2f2,2026-08-03T22:18:04+00:00
https://www.federalreserve.gov/monetarypolicy/fomcminutes20170726.htm,data\raw\fomc_minutes\20170726_3f1646.htm,200,129480,2261f34fb3a111772ba5b400d21b587d2805ecb69120a26a7cdab6e544e783d6,2026-08-03T22:18:05+00:00
https://www.federalreserve.gov/monetarypolicy/fomcminutes20170920.htm,data\raw\fomc_minutes\20170920_fc091f.htm,200,137686,ac3fc7b6094d614ba0a01bb64f823a7319db185119b682ca39046de65e3fea90,2026-08-03T22:18:07+00:00
https://www.federalreserve.gov/monetarypolicy/fomcminutes20171101.htm,data\raw\fomc_minutes\20171101_ce2add.htm,200,130477,9ffd5b3268bcf3af059a88b16e5754c098e3773806f0bfe53f821a993f669bf6,2026-08-03T22:18:08+00:00
https://www.federalreserve.gov/monetarypolicy/fomcminutes20171213.htm,data\raw\fomc_minutes\20171213_7a2d81.htm,200,129448,269e52b1fd2c3e40e8aab663720229f6648070fc3ffd81ae7af699ecbbc0c5a2,2026-08-03T22:18:09+00:00
https://www.federalreserve.gov/monetarypolicy/fomcminutes20180131.htm,data\raw\fomc_minutes\20180131_bac9aa.htm,200,165111,aa1bfeb7ddfd6c0e0a21a026d859bd7ebbf99332eb08eca25a45f6822dcd8bd6,2026-08-03T22:18:11+00:00
https://www.federalreserve.gov/monetarypolicy/fomcminutes20180321.htm,data\raw\fomc_minutes\20180321_00c1ec.htm,200,128457,a298d2f8d501341482b10a90d41f9ff88ad4bce008ffd9fd69dd035e51bba20a,2026-08-03T22:18:12+00:00
https://www.federalreserve.gov/monetarypolicy/fomcminutes20180502.htm,data\raw\fomc_minutes\20180502_2bf681.htm,200,132397,f945235f5119fe91027dca872518d78daf1ce52fc085516c03001694aa8ffac3,2026-08-03T22:18:13+00:00
https://www.federalreserve.gov/monetarypolicy/fomcminutes20180613.htm,data\raw\fomc_minutes\20180613_0d6714.htm,200,127470,a3e628cfea1cdaf9dc73bddf5ae3200f9b0b07afd6815766faf3e21fb63b4a8e,2026-08-03T22:18:15+00:00
https://www.federalreserve.gov/monetarypolicy/fomcminutes20180801.htm,data\raw\fomc_minutes\20180801_059b3f.htm,200,135506,4df65438bb1cb7b7aae6a0b2b81c9499795ab45e51d62faac917929ad7b4f057,2026-08-03T22:18:16+00:00
https://www.federalreserve.gov/monetarypolicy/fomcminutes20180926.htm,data\raw\fomc_minutes\20180926_a78a91.htm,200,127604,4abad6b690dfe58d8b7945a806a434df96f37c00d2d0ff078ab7082b86585544,2026-08-03T22:18:17+00:00
https://www.federalreserve.gov/monetarypolicy/fomcminutes20181108.htm,data\raw\fomc_minutes\20181108_4ba87c.htm,200,135667,326397cc22238a1adad08c07c2bee616cc9a795990c178adfaef246852ab8aa8,2026-08-03T22:18:19+00:00
https://www.federalreserve.gov/monetarypolicy/fomcminutes20181219.htm,data\raw\fomc_minutes\20181219_97a5d1.htm,200,137155,6cdfff586603d7e5deb0d04d0df75e5d2424759f9e29e5596d18f689ca53a77b,2026-08-03T22:18:20+00:00
https://www.federalreserve.gov/monetarypolicy/fomcminutes20190130.htm,data\raw\fomc_minutes\20190130_ff2110.htm,200,179001,161bd1d4fb2ed09411890adf7cb54ab33b4d4e1d0cb0611e9ec57a60582f95dd,2026-08-03T22:18:21+00:00
https://www.federalreserve.gov/monetarypolicy/fomcminutes20190320.htm,data\raw\fomc_minutes\20190320_3c17bd.htm,200,144574,78f4e32751f5ac800e4885214a1e3780c6d6fcceec6dac94807ac0c05091360d,2026-08-03T22:18:23+00:00
https://www.federalreserve.gov/monetarypolicy/fomcminutes20190501.htm,data\raw\fomc_minutes\20190501_5ad66a.htm,200,142374,26c1a486bba55a462d269483303c500bd96c323e198f7b8aab76a4545d3b1825,2026-08-03T22:18:24+00:00
https://www.federalreserve.gov/monetarypolicy/fomcminutes20190619.htm,data\raw\fomc_minutes\20190619_d8a9d7.htm,200,135604,151cbe35fb966e097940758ef6f8d170b85c1ab0b76f4fdc3035b1ca6ccd8204,2026-08-03T22:18:25+00:00
https://www.federalreserve.gov/monetarypolicy/fomcminutes20190731.htm,data\raw\fomc_minutes\20190731_e613a1.htm,200,151921,b527ba00a0cfc35a92142e45e7d357cf453f10b14878dbf54fd4d0f3148812a2,2026-08-03T22:18:27+00:00
https://www.federalreserve.gov/monetarypolicy/fomcminutes20190918.htm,data\raw\fomc_minutes\20190918_a6ec59.htm,200,151933,24a05bc0456bc8c7d6281847defd447707f7fa49be8b7f4167ce5173e803bb3d,2026-08-03T22:18:28+00:00
https://www.federalreserve.gov/monetarypolicy/fomcminutes20191030.htm,data\raw\fomc_minutes\20191030_f7e040.htm,200,164936,2ba9632cb74d4f4d50eb9139d082c0be6cfc75f645a0b346baacd0d6ce680662,2026-08-03T22:18:29+00:00
https://www.federalreserve.gov/monetarypolicy/fomcminutes20191211.htm,data\raw\fomc_minutes\20191211_40089b.htm,200,137897,1ca2acf5998570d2ac47ffd6b46c32e983ee9736a1f5481c23a3aed2cce81bcf,2026-08-03T22:18:30+00:00
https://www.federalreserve.gov/monetarypolicy/fomcminutes20200129.htm,data\raw\fomc_minutes\20200129_37a6c4.htm,200,172236,1dc97667e7a74c56a0776dde2e3b21a784b07f084e69a79fbf0cda4b1c346859,2026-08-03T22:18:32+00:00
https://www.federalreserve.gov/monetarypolicy/fomcminutes20200315.htm,data\raw\fomc_minutes\20200315_815f67.htm,200,145748,c4fa54a6ace4bac59c9769082cce755bc51c8cb35dad7f4fc78511a2607348c7,2026-08-03T22:18:33+00:00
https://www.federalreserve.gov/monetarypolicy/fomcminutes20200429.htm,data\raw\fomc_minutes\20200429_828b8a.htm,200,142956,bed406bb828e1891bc63a3ecc0c7ae00ccf4acb12d2433e8776cd73e2881c528,2026-08-03T22:18:34+00:00
https://www.federalreserve.gov/monetarypolicy/fomcminutes20200610.htm,data\raw\fomc_minutes\20200610_0aba53.htm,200,147861,f2ab05123b096b9d97392a92ac169325448738762ce19206e6de29fd494c8285,2026-08-03T22:18:36+00:00
https://www.federalreserve.gov/monetarypolicy/fomcminutes20200729.htm,data\raw\fomc_minutes\20200729_2ca739.htm,200,141104,9ab15664300e97140e0e5a2e2fd661164b7f7d3d4066f3b88a99c94dbf86fee0,2026-08-03T22:18:37+00:00
https://www.federalreserve.gov/monetarypolicy/fomcminutes20200916.htm,data\raw\fomc_minutes\20200916_c477bd.htm,200,146532,4937af623053b997c4d44ea998cae32b5d75308f0a05e9b09dca9c038469832a,2026-08-03T22:18:38+00:00
https://www.federalreserve.gov/monetarypolicy/fomcminutes20201105.htm,data\raw\fomc_minutes\20201105_5bdfee.htm,200,143903,a3a100d61a8cb616f0c7e338cfd613ebd210e0f10314e421bdd2dd0a56635bee,2026-08-03T22:18:40+00:00
https://www.federalreserve.gov/monetarypolicy/fomcminutes20201216.htm,data\raw\fomc_minutes\20201216_2a7bd8.htm,200,136173,975910f434a876656f15d1f8f216d399956cd19c33ce62c39b00308e5b2b6618,2026-08-03T22:18:41+00:00
https://www.federalreserve.gov/monetarypolicy/fomcminutes20210127.htm,data\raw\fomc_minutes\20210127_ebc8bb.htm,200,169007,efdbc8c14385d5cd0e092bfda4520efa53ed575afa942c7a54ddfe34a7ae843b,2026-08-03T22:18:42+00:00
https://www.federalreserve.gov/monetarypolicy/fomcminutes20210317.htm,data\raw\fomc_minutes\20210317_3f9cdf.htm,200,138257,790354f07ac6c00a9d049ce8f52a72d8aac7f14f6115bdf052022c7ad3f38022,2026-08-03T22:18:44+00:00
https://www.federalreserve.gov/monetarypolicy/fomcminutes20210428.htm,data\raw\fomc_minutes\20210428_b6eb7a.htm,200,138928,5eb3f7f07654a63504285e03af6267c8e56799f7e110dd359ecde4572b1ddab2,2026-08-03T22:18:45+00:00
https://www.federalreserve.gov/monetarypolicy/fomcminutes20210616.htm,data\raw\fomc_minutes\20210616_7b3ca2.htm,200,143863,810890335cfef2fe4bf78256278fc5b0b578d467d125b62eb256ea541ec1f2c7,2026-08-03T22:18:46+00:00
https://www.federalreserve.gov/monetarypolicy/fomcminutes20210728.htm,data\raw\fomc_minutes\20210728_724635.htm,200,151047,c79e64165802bbc9a98dc25b9d181ef40d45edd4d709b98be735ed43a29d7109,2026-08-03T22:18:47+00:00
https://www.federalreserve.gov/monetarypolicy/fomcminutes20210922.htm,data\raw\fomc_minutes\20210922_972469.htm,200,138498,8ef005775e835fa64c683fd2c0fb8da4e4b0fec3879b81266edcf14c5b5c2e7f,2026-08-03T22:18:49+00:00
https://www.federalreserve.gov/monetarypolicy/fomcminutes20211103.htm,data\raw\fomc_minutes\20211103_8b2c20.htm,200,135726,3b08169dc1892d1ffa63760e625be922de0e0bd47269b5e30ea48fa9c4e1de66,2026-08-03T22:18:50+00:00
https://www.federalreserve.gov/monetarypolicy/fomcminutes20211215.htm,data\raw\fomc_minutes\20211215_6e42fa.htm,200,143153,ad457236d38ce7003e9dd4637c1263166007bcd4d4b21dcc53157296c5b11162,2026-08-03T22:18:51+00:00
https://www.federalreserve.gov/monetarypolicy/fomcminutes20220126.htm,data\raw\fomc_minutes\20220126_662fc7.htm,200,174783,8a12f69f633fbec036303667a1379f9636999894c9e1ec270db40f69ae598d19,2026-08-03T22:18:53+00:00
https://www.federalreserve.gov/monetarypolicy/fomcminutes20220316.htm,data\raw\fomc_minutes\20220316_709c04.htm,200,138196,212334cba4b5e1fa6c08a548905ae4c45ea100aa5c60f7f2db42f7f674371a47,2026-08-03T22:18:54+00:00
https://www.federalreserve.gov/monetarypolicy/fomcminutes20220504.htm,data\raw\fomc_minutes\20220504_410db9.htm,200,132676,a1162b8612b31236a26bfffcc5c8857ef9d6807830f32c859b0bdf8c74162894,2026-08-03T22:18:55+00:00
https://www.federalreserve.gov/monetarypolicy/fomcminutes20220615.htm,data\raw\fomc_minutes\20220615_a3bbd3.htm,200,133245,7d69549220e2528d2e802bec6ae235197aacc2380b262ebe2966178489c1d14f,2026-08-03T22:18:57+00:00
https://www.federalreserve.gov/monetarypolicy/fomcminutes20220727.htm,data\raw\fomc_minutes\20220727_ec26db.htm,200,137304,58dd386569b59ec451e57e0ff0a5073ef6d656de30b07bdaaceedfd203aa1041,2026-08-03T22:18:58+00:00
https://www.federalreserve.gov/monetarypolicy/fomcminutes20220921.htm,data\raw\fomc_minutes\20220921_30ec5c.htm,200,132741,43b2f717ef7dc7fdfb1c30273e3fbbf8a3fbae0b2dd5c19cd1287d18102ab3ce,2026-08-03T22:18:59+00:00
https://www.federalreserve.gov/monetarypolicy/fomcminutes20221102.htm,data\raw\fomc_minutes\20221102_d67897.htm,200,134464,9b1d1a7f025bb09cb1a7e9a4eb35fd25c0ee9fe5579f5c3d26e560447c2b9553,2026-08-03T22:19:01+00:00
https://www.federalreserve.gov/monetarypolicy/fomcminutes20221214.htm,data\raw\fomc_minutes\20221214_1db695.htm,200,132407,a2041f5570d5f85ba647b0c57e13140f03cf11189dbde5628f5e74be21d1757a,2026-08-03T22:19:02+00:00
https://www.federalreserve.gov/monetarypolicy/fomcminutes20230201.htm,data\raw\fomc_minutes\20230201_831273.htm,200,141121,8bab14f4e25f919c1fc25d600cf33d6f7f3c1d0ec245b93bc231d760e42267d7,2026-08-03T22:19:03+00:00
https://www.federalreserve.gov/monetarypolicy/fomcminutes20230322.htm,data\raw\fomc_minutes\20230322_86b292.htm,200,130689,1f09caa645b0eef3bfad347eee5bfda789f0f0bc45b0841bce2dd91ee9941a2a,2026-08-03T22:19:05+00:00
https://www.federalreserve.gov/monetarypolicy/fomcminutes20230503.htm,data\raw\fomc_minutes\20230503_4dd896.htm,200,135464,e5d41e94fe6596b5dc1ca36b4466eb275a11d231da1c6f85c4afff977e438222,2026-08-03T22:19:06+00:00
https://www.federalreserve.gov/monetarypolicy/fomcminutes20230614.htm,data\raw\fomc_minutes\20230614_5236bd.htm,200,127541,4c6a5cfd17bf247a7b053abe7b7dba8fe0febc62679639218a43067b29578e59,2026-08-03T22:19:07+00:00
https://www.federalreserve.gov/monetarypolicy/fomcminutes20230726.htm,data\raw\fomc_minutes\20230726_094b66.htm,200,126757,51b7467a9efa3c1aba167afb2736d1821829806a34d0cce78fa8cce00d46e877,2026-08-03T22:19:09+00:00
https://www.federalreserve.gov/monetarypolicy/fomcminutes20230920.htm,data\raw\fomc_minutes\20230920_eae9d2.htm,200,124301,ecaf61f42381d542bf8ae3b21284549039c385b6eecd909a6c99a3d7e1f3c94f,2026-08-03T22:19:10+00:00
https://www.federalreserve.gov/monetarypolicy/fomcminutes20231101.htm,data\raw\fomc_minutes\20231101_fd3653.htm,200,126937,696fe73252c1174db1906750487c75801461a584d785e8f3c3f30f5b0091a887,2026-08-03T22:19:12+00:00
https://www.federalreserve.gov/monetarypolicy/fomcminutes20231213.htm,data\raw\fomc_minutes\20231213_ddf67e.htm,200,126319,2f6d159e99934a7b5bc303e7b2c2fb120508df42325e18a7547136bbc2d849e5,2026-08-03T22:19:13+00:00
https://www.federalreserve.gov/monetarypolicy/fomcminutes20240131.htm,data\raw\fomc_minutes\20240131_916770.htm,200,133265,e43c8448905548288e2c6ac9b3fafbf19e90f9f156c565024bfdd5491ebae103,2026-08-03T22:19:14+00:00
https://www.federalreserve.gov/monetarypolicy/fomcminutes20240320.htm,data\raw\fomc_minutes\20240320_1f8cbd.htm,200,129137,ddd66bfba591bb7a7e5db31630c53c0055092568663fd5b9858eebf1b8df7f42,2026-08-03T22:19:16+00:00
https://www.federalreserve.gov/monetarypolicy/fomcminutes20240501.htm,data\raw\fomc_minutes\20240501_8d67df.htm,200,128249,a091fd3e875cd6a4969e43dc0082cd2ea819c2ed2c7b7e13e5a83960b10bb9bb,2026-08-03T22:19:17+00:00
https://www.federalreserve.gov/monetarypolicy/fomcminutes20240612.htm,data\raw\fomc_minutes\20240612_30a52f.htm,200,124256,4ddb056a756e49facc758ea914b65cf10fa70d50c45affd9c3f64380d49bf40d,2026-08-03T22:19:18+00:00
https://www.federalreserve.gov/monetarypolicy/fomcminutes20240731.htm,data\raw\fomc_minutes\20240731_707cfb.htm,200,125329,1c9cb26cdd158cefa5cee07a184f27a07befe132bcca4cab11d01810a9d2494d,2026-08-03T22:19:19+00:00
https://www.federalreserve.gov/monetarypolicy/fomcminutes20240918.htm,data\raw\fomc_minutes\20240918_655df9.htm,200,124655,46ac1682151f6573aecc1aba5d56046fa0d2d781dd72e97b3fc03caaa3ea629d,2026-08-03T22:19:22+00:00
https://www.federalreserve.gov/monetarypolicy/fomcminutes20241107.htm,data\raw\fomc_minutes\20241107_b31e7f.htm,200,129867,2f8d62f48209d44a356c1cd2c3eb22851edf1afd7831fe323b29df51b37cc839,2026-08-03T22:19:23+00:00
https://www.federalreserve.gov/monetarypolicy/fomcminutes20241218.htm,data\raw\fomc_minutes\20241218_a9c21b.htm,200,126487,525e321f39e6005cba118f31ddae50be4ecae3047ea7809d86b6a25fb2089667,2026-08-03T22:19:24+00:00
https://www.federalreserve.gov/monetarypolicy/fomcminutes20250129.htm,data\raw\fomc_minutes\20250129_3cf6ce.htm,200,138159,ddb34eafb934aed8d65163e83579ed6ccb217e374906c668464ff8d705465381,2026-08-03T22:19:25+00:00
https://www.federalreserve.gov/monetarypolicy/fomcminutes20250319.htm,data\raw\fomc_minutes\20250319_6d1870.htm,200,129584,93b42d886a5bb7d7749bd766d8a7a8935ca56d9894f6b473e712235f7b8d7261,2026-08-03T22:19:27+00:00
https://www.federalreserve.gov/monetarypolicy/fomcminutes20250507.htm,data\raw\fomc_minutes\20250507_832478.htm,200,132085,038d85fc98be46aba33f4fa14a5d0dbcf8fdb8182acfdf31aee57bcccdcedad9,2026-08-03T22:19:28+00:00
https://www.federalreserve.gov/monetarypolicy/fomcminutes20250618.htm,data\raw\fomc_minutes\20250618_4f59cd.htm,200,128047,c036505842072c6bde77708a576d6c1890efec2217513f0e38712f50a7bb0570,2026-08-03T22:19:29+00:00
https://www.federalreserve.gov/monetarypolicy/fomcminutes20250730.htm,data\raw\fomc_minutes\20250730_969c7b.htm,200,128142,5e48941f9e37353e22a02f7880218554cadd049440a1ddc3f817781d4a7121b0,2026-08-03T22:19:31+00:00
https://www.federalreserve.gov/monetarypolicy/fomcminutes20250917.htm,data\raw\fomc_minutes\20250917_a1cbf9.htm,200,122476,a057e8c0b118a8776ff5adc3498971b5525572c4e065a38d5689b99554d9c818,2026-08-03T22:19:32+00:00
https://www.federalreserve.gov/monetarypolicy/fomcminutes20251029.htm,data\raw\fomc_minutes\20251029_036858.htm,200,137442,fea3aad26cd6ee250766f9b39668d5a84d6373fe6ca9829f0499356d46ec8826,2026-08-03T22:19:33+00:00
https://www.federalreserve.gov/monetarypolicy/fomcminutes20251210.htm,data\raw\fomc_minutes\20251210_66135f.htm,200,132022,aad633c7d54fbbc7956b4a11e0c092162cf885af9f2bce323e63a83da4639dd9,2026-08-03T22:19:35+00:00
https://www.federalreserve.gov/monetarypolicy/fomcminutes20260128.htm,data\raw\fomc_minutes\20260128_3917a6.htm,200,127649,cf33ad8928fb5cd2a996273cb012dd9172339bbf7f7bd298847f281de6514e09,2026-08-03T22:19:36+00:00
https://www.federalreserve.gov/monetarypolicy/fomcminutes20260318.htm,data\raw\fomc_minutes\20260318_071f33.htm,200,120631,ae1d7c2b1070c44a4518d8de4957045f5006105d535d4afd7d69902bb6631854,2026-08-03T22:19:37+00:00
https://www.federalreserve.gov/monetarypolicy/fomcminutes20260429.htm,data\raw\fomc_minutes\20260429_feb403.htm,200,127327,f72cf3041431b404b71133678a5b829a384fe167620a7c6afe265972492d6f5d,2026-08-03T22:19:39+00:00
https://www.federalreserve.gov/monetarypolicy/fomcminutes20260617.htm,data\raw\fomc_minutes\20260617_68140c.htm,200,116435,6ccf9da02372a835de91b89ede0fddbec377e7bd7c7ec6438f9f599409ea25f7,2026-08-03T22:19:40+00:00
https://www.federalreserve.gov/fomc/19940204default.htm,data\raw\fomc_statements\19940204_e663e5.htm,200,2519,cfcf8fdea10fb0c7a2fc52a2ad0b377ff4783a04b1d61dd5c9ba7be94d5ce98e,2026-08-03T22:19:41+00:00
https://www.federalreserve.gov/fomc/19940322default.htm,data\raw\fomc_statements\19940322_af852b.htm,200,2120,a55401b7cb286bfaa2df2bdf2f2983274713e4f9b08fddad0da08be276d1181f,2026-08-03T22:19:42+00:00
https://www.federalreserve.gov/fomc/19940418default.htm,data\raw\fomc_statements\19940418_8d9007.htm,200,2087,8291075f14697a647a3cbf55a4d5a0d11637580e6b5ffd1573bce409700ff9ab,2026-08-03T22:19:44+00:00
https://www.federalreserve.gov/fomc/19940517default.htm,data\raw\fomc_statements\19940517_6b1ac1.htm,200,3009,504b591905b91ac96770eb7e18319c3463ad619604dc63a9cd9c501942ff0db2,2026-08-03T22:19:45+00:00
https://www.federalreserve.gov/fomc/19940816default.htm,data\raw\fomc_statements\19940816_904203.htm,200,3124,4c5629768df99384e248352baf77ced41632eef10e26fab8017ede319b65744e,2026-08-03T22:19:46+00:00
https://www.federalreserve.gov/fomc/19941115default.htm,data\raw\fomc_statements\19941115_321ee7.htm,200,2783,0595aabe6d7b4c97f464f16e0c03c4fb560b353ddc670039f14a49790bda058f,2026-08-03T22:19:48+00:00
https://www.federalreserve.gov/fomc/19950201default.htm,data\raw\fomc_statements\19950201_1b3bfb.htm,200,2846,93b9cb6ab7340e04eb4c8494dd72df9a614f7b2993d7f7a880ab24c453e0c667,2026-08-03T22:19:49+00:00
https://www.federalreserve.gov/fomc/19950706default.htm,data\raw\fomc_statements\19950706_e27387.htm,200,2293,63092922cb5664a372f0d1246b46199aa89f3cc8a44d27ac3069536ca9d4a6a8,2026-08-03T22:19:50+00:00
https://www.federalreserve.gov/fomc/19951219default.htm,data\raw\fomc_statements\19951219_63dcae.htm,200,2418,0ded2d51a4ec6c4d5a5ff0d170aca695ee75c90aa7530a1999193ec3182e54c8,2026-08-03T22:19:51+00:00
https://www.federalreserve.gov/boarddocs/press/general/1997/19970325/,data\raw\fomc_statements\19970325_a0e0dc.htm,200,2981,05f44325abce306567f0267416f5925215f56a43b5356e45ddd3cd8d4f8e4091,2026-08-03T22:19:53+00:00
https://www.federalreserve.gov/boarddocs/press/general/1998/19980929/,data\raw\fomc_statements\19980929_b5ae7d.htm,200,2751,44a7a44f2d06c23b82bd3604dd12bdd1926999638f38f81403f98a70f413f184,2026-08-03T22:19:54+00:00
https://www.federalreserve.gov/boarddocs/press/general/1998/19981015/,data\raw\fomc_statements\19981015_522db7.htm,200,3180,4e6bfa89e32b4a9b6e2e27e1c54aff2498de4a94eddd80b5689e60714f6d15b4,2026-08-03T22:19:55+00:00
https://www.federalreserve.gov/boarddocs/press/general/1998/19981117/,data\raw\fomc_statements\19981117_05215a.htm,200,3055,abc7f7ca8ac676d84f6be194bdde8dfc53834778c875edd5db5957038f023e28,2026-08-03T22:19:57+00:00
https://www.federalreserve.gov/boarddocs/press/general/1999/19990518/,data\raw\fomc_statements\19990518_0dc2c3.htm,200,3054,189c8077148df7c81073dfbe237cdd7096c82bb18ccf1b9a4910227001718c7c,2026-08-03T22:19:58+00:00
https://www.federalreserve.gov/boarddocs/press/general/1999/19990630/,data\raw\fomc_statements\19990630_63fc29.htm,200,3102,153c5920feec4e273fb98e7c28e5df775da387b40fd37154ae1f8a9766b17975,2026-08-03T22:19:59+00:00
https://www.federalreserve.gov/boarddocs/press/general/1999/19990824/,data\raw\fomc_statements\19990824_1222df.htm,200,3469,bfa877f4c0426fe098b1ab4cae9140af9aa27cc997fbce5b734908c8c75131be,2026-08-03T22:20:00+00:00
https://www.federalreserve.gov/boarddocs/press/general/1999/19991005/,data\raw\fomc_statements\19991005_45e0ec.htm,200,3187,f7ab195343983e36cb374a02c06c9540687a2682ac76416cdf1fe93d2fb640e8,2026-08-03T22:20:02+00:00
https://www.federalreserve.gov/boarddocs/press/general/1999/19991116/,data\raw\fomc_statements\19991116_ffc9b4.htm,200,3619,0baef4af35e92f3d7515c64b190391b1fa98ebebc1d030149f9ccd4d62691fe5,2026-08-03T22:20:03+00:00
https://www.federalreserve.gov/boarddocs/press/general/1999/19991221/,data\raw\fomc_statements\19991221_096909.htm,200,3055,e23de35eff223d24d1e1a018512ded9861cfe34afd3f2fbde401ba13d71cde1c,2026-08-03T22:20:04+00:00
https://www.federalreserve.gov/boarddocs/press/general/2000/20000202/,data\raw\fomc_statements\20000202_30eba5.htm,200,3503,fd8fdbde498ac8deec34a8050027bbebe13d60582dfe1f472e57e8282c03d5ec,2026-08-03T22:20:06+00:00
https://www.federalreserve.gov/boarddocs/press/general/2000/20000321/,data\raw\fomc_statements\20000321_8ec7ad.htm,200,3547,b60d82d0e0312a860722d6d87d9e7aba7dcfc78324a64f2b42f3270a4374e7df,2026-08-03T22:20:07+00:00
https://www.federalreserve.gov/boarddocs/press/general/2000/20000516/,data\raw\fomc_statements\20000516_e80101.htm,200,3474,67d06d363cf1c9e64fd5b421128648cfb877f0b4bac9bfd5ec8cabeff39de2d2,2026-08-03T22:20:08+00:00
https://www.federalreserve.gov/boarddocs/press/general/2000/20000628/,data\raw\fomc_statements\20000628_2d9d3a.htm,200,3256,e703e150c0f1a79f4e37740499b9ef735374c5c9097f7876a675e830f764f824,2026-08-03T22:20:10+00:00
https://www.federalreserve.gov/boarddocs/press/general/2000/20000822/,data\raw\fomc_statements\20000822_d04b94.htm,200,3262,266b91e02774c869ad4616be348d4f692b875d51a8cbf02386dc94935868ddc1,2026-08-03T22:20:11+00:00
https://www.federalreserve.gov/boarddocs/press/general/2000/20001003/,data\raw\fomc_statements\20001003_23e146.htm,200,3366,c6e37e343881473231cceb40b10645f4943fd584a1f7ba0e32f750b2e22ab8d3,2026-08-03T22:20:12+00:00
https://www.federalreserve.gov/boarddocs/press/general/2000/20001115/,data\raw\fomc_statements\20001115_cfbe86.htm,200,3383,35a3c95269958db60348f2137c2ac2b8eb9b447f750b1f7652f9f508e29d7b99,2026-08-03T22:20:13+00:00
https://www.federalreserve.gov/boarddocs/press/general/2000/20001219/,data\raw\fomc_statements\20001219_173f8d.htm,200,3094,601d2c4fbac9336e140e8f252246e0571f0356f06e7cd8c37fc5c0488ff36af7,2026-08-03T22:20:15+00:00
https://www.federalreserve.gov/boarddocs/press/general/2001/20010103/,data\raw\fomc_statements\20010103_6a872b.htm,200,3574,5e2f43a640a4fc17bea375be866cd92aa0b4bae0072994a066b75ecf5a775eb8,2026-08-03T22:20:16+00:00
https://www.federalreserve.gov/boarddocs/press/general/2001/20010131/,data\raw\fomc_statements\20010131_d7c023.htm,200,3807,da7755f0427b87f3eedb193e89bfa0587888c862efc691186925d79a937886dc,2026-08-03T22:20:17+00:00
https://www.federalreserve.gov/boarddocs/press/general/2001/20010320/,data\raw\fomc_statements\20010320_f7026d.htm,200,3651,38c0e9a9dfdad48c50b72e3602490a3b3fbe8753f169976b471da19c03e35cf1,2026-08-03T22:20:19+00:00
https://www.federalreserve.gov/boarddocs/press/general/2001/20010418/,data\raw\fomc_statements\20010418_0ebf60.htm,200,4013,c4fff04be7bb8cf5af3f59d66444a019b3f2f188cf1ec2f248ccf2ccc691a5f9,2026-08-03T22:20:20+00:00
https://www.federalreserve.gov/boarddocs/press/general/2001/20010515/,data\raw\fomc_statements\20010515_1f6f42.htm,200,3714,2ba02da1ecb145d6c129a3e32bab088256f58a044d43cd312bc9fda918c0e498,2026-08-03T22:20:21+00:00
https://www.federalreserve.gov/boarddocs/press/general/2001/20010627/,data\raw\fomc_statements\20010627_bdb907.htm,200,3799,c9ecbf8816a888a793b646c227ac560fd38d944ceafaafbaec561e6fc74cd42d,2026-08-03T22:20:22+00:00
https://www.federalreserve.gov/boarddocs/press/general/2001/20010821/,data\raw\fomc_statements\20010821_d345c1.htm,200,3756,99e9070c4bc160865987486da052f676202420e19a2d414344ad7b3361486ccf,2026-08-03T22:20:24+00:00
https://www.federalreserve.gov/boarddocs/press/general/2001/20010917/,data\raw\fomc_statements\20010917_7e1654.htm,200,3922,6c14d8b7c5341abf81ced77586735336aae4ce614f28f682266acac0e8ee6d16,2026-08-03T22:20:25+00:00
https://www.federalreserve.gov/boarddocs/press/general/2001/20011002/,data\raw\fomc_statements\20011002_e284f2.htm,200,3676,dc4edefcc44b55a2d7e8f35aedf5427ff6f42e6c74bfe5de0ec5e992c855d742,2026-08-03T22:20:26+00:00
https://www.federalreserve.gov/boarddocs/press/general/2001/20011106/,data\raw\fomc_statements\20011106_7851d9.htm,200,3619,9357c06b5295b8bdaed3bfb1ec9996db06d17e202d5205752385bbc461f2e6cd,2026-08-03T22:20:28+00:00
https://www.federalreserve.gov/boarddocs/press/general/2001/20011211/,data\raw\fomc_statements\20011211_595f5b.htm,200,3754,17b7611324656d707ae1d2967c8ffbb13c4305af0f58ed7bee521d83535f679c,2026-08-03T22:20:29+00:00
https://www.federalreserve.gov/boarddocs/press/general/2002/20020130/,data\raw\fomc_statements\20020130_c7dbda.htm,200,3413,ddea15dc7ed172892be01a67aa8b54b2d3e0623459d5ca19eda2838db6d02338,2026-08-03T22:20:30+00:00
https://www.federalreserve.gov/boarddocs/press/general/2002/20020319/,data\raw\fomc_statements\20020319_867c7d.htm,200,4173,afa3e41021650dbfe0f4ca9b554bea12d839df805ed31f18098543a2df2c7987,2026-08-03T22:20:32+00:00
https://www.federalreserve.gov/boarddocs/press/monetary/2002/20020507/,data\raw\fomc_statements\20020507_5c51f7.htm,200,3664,a2c4750bfa92a5a2cc590e8f5faddc112c1685bd7a62f9cdfd665d57f2461daa,2026-08-03T22:20:33+00:00
https://www.federalreserve.gov/boarddocs/press/monetary/2002/20020626/,data\raw\fomc_statements\20020626_562a43.htm,200,3783,85ce5b372d89d1f16942e8e5fa4dde51aada3b64e155b69ce1935f526c20e3c4,2026-08-03T22:20:34+00:00
https://www.federalreserve.gov/boarddocs/press/monetary/2002/20020813/,data\raw\fomc_statements\20020813_e09819.htm,200,3658,725fd3103df54eea13cfb1bc333d35cd1fe29e740f31574468deba823ebafdb8,2026-08-03T22:20:35+00:00
https://www.federalreserve.gov/boarddocs/press/monetary/2002/20020924/,data\raw\fomc_statements\20020924_b2b963.htm,200,3923,e938283773eca952ed48b900055eb386de7ab3335d495015b1c6f3b399465354,2026-08-03T22:20:37+00:00
https://www.federalreserve.gov/boarddocs/press/monetary/2002/20021106/,data\raw\fomc_statements\20021106_2010d4.htm,200,4208,01bad25d0a4ea41bc70a4243a0cb82096fa55fa7caee845c2b8f0c52e2939afc,2026-08-03T22:20:38+00:00
https://www.federalreserve.gov/boarddocs/press/monetary/2002/20021210/,data\raw\fomc_statements\20021210_b65dee.htm,200,3620,9d1bfcf06620366fe664aa9b6493cd2468d2b9c714af3344029af0aa15974726,2026-08-03T22:20:39+00:00
https://www.federalreserve.gov/boarddocs/press/monetary/2003/20030129/default.htm,data\raw\fomc_statements\20030129_b5f4c5.htm,200,3614,500caeba628739cf9fa84d8f307fcec5cf79679f56538445131779557078faa8,2026-08-03T22:20:41+00:00
https://www.federalreserve.gov/boarddocs/press/monetary/2003/20030318/default.htm,data\raw\fomc_statements\20030318_631cb0.htm,200,4043,9dd19fb0d998597de07e1b56bcd186e357ace33fcf51a42eb960158f349206eb,2026-08-03T22:20:42+00:00
https://www.federalreserve.gov/boarddocs/press/monetary/2003/20030506/default.htm,data\raw\fomc_statements\20030506_f22d96.htm,200,3927,821b23879236db85b32ba9ef64cc8bd8f6b0996529fd9b19625db70ea34b5596,2026-08-03T22:20:43+00:00
https://www.federalreserve.gov/boarddocs/press/monetary/2003/20030625/default.htm,data\raw\fomc_statements\20030625_c0143a.htm,200,4415,094b02dc6faedfd88588fca8b9b4be9267b2614e841cb6d00e3e623427f36b62,2026-08-03T22:20:45+00:00
https://www.federalreserve.gov/boarddocs/press/monetary/2003/20030812/default.htm,data\raw\fomc_statements\20030812_5f2df9.htm,200,3881,e499dbcdf9f61f7203127544b2f0a14ff0ebc10a80700e7b296e42a2fbd3effb,2026-08-03T22:20:46+00:00
https://www.federalreserve.gov/boarddocs/press/monetary/2003/20030916/default.htm,data\raw\fomc_statements\20030916_d27ed8.htm,200,3882,2157f6b111339076b1d24d58b9d27fc9521e273f7b620980229ebba285740450,2026-08-03T22:20:47+00:00
https://www.federalreserve.gov/boarddocs/press/monetary/2003/20031028/default.htm,data\raw\fomc_statements\20031028_99ecad.htm,200,3880,a663aa8f3d507ae82b05a076172ebdba1edc1c7ec6d42221602f66ce6b202bbe,2026-08-03T22:20:48+00:00
https://www.federalreserve.gov/boarddocs/press/monetary/2003/20031209/default.htm,data\raw\fomc_statements\20031209_860200.htm,200,3983,320fb445fe50f3c9cc817a9c421b35cef420d6935e9c5620466e8c62c32517be,2026-08-03T22:20:50+00:00
https://www.federalreserve.gov/boarddocs/press/monetary/2004/20040128/default.htm,data\raw\fomc_statements\20040128_c7942c.htm,200,3839,0040c92e74aa49c3d967d8eb18ac057b88485711dbce7c8dc498dffbb8708ee2,2026-08-03T22:20:51+00:00
https://www.federalreserve.gov/boarddocs/press/monetary/2004/20040316/default.htm,data\raw\fomc_statements\20040316_daa9ed.htm,200,3810,3fcbe6ad835295e9d2eb1a10ef83e43b472aabe2052e0b103efdc81d67bc5ada,2026-08-03T22:20:52+00:00
https://www.federalreserve.gov/boarddocs/press/monetary/2004/20040504/default.htm,data\raw\fomc_statements\20040504_3d0c9e.htm,200,3991,ac62922c923fb07517b743546b93e3620f9e29494677acb7a70e9645cfa4c6e8,2026-08-03T22:20:54+00:00
https://www.federalreserve.gov/boarddocs/press/monetary/2004/20040630/default.htm,data\raw\fomc_statements\20040630_745714.htm,200,4399,8dc624153af3fc984a8b08b8dea91cd85eb210a90b5b22196b49ae3ba5977761,2026-08-03T22:20:55+00:00
https://www.federalreserve.gov/boarddocs/press/monetary/2004/20040810/default.htm,data\raw\fomc_statements\20040810_6e7275.htm,200,4519,9649e04fc3cf8e5f7a5d642f18e83377bdc773a3c060a97e7212348905cfacd0,2026-08-03T22:20:56+00:00
https://www.federalreserve.gov/boarddocs/press/monetary/2004/20040921/default.htm,data\raw\fomc_statements\20040921_d48bcc.htm,200,4416,61e5b65d9b0ba234f8151c2b0018346fb6dce0f0973230a033cc0ff15d65a3c9,2026-08-03T22:20:58+00:00
https://www.federalreserve.gov/boarddocs/press/monetary/2004/20041110/default.htm,data\raw\fomc_statements\20041110_205645.htm,200,4280,a02e6e031e4ed656241b0e4c6be26a6ab0d2d06cc3682ed94accfd2a402d172c,2026-08-03T22:20:59+00:00
https://www.federalreserve.gov/boarddocs/press/monetary/2004/20041214/default.htm,data\raw\fomc_statements\20041214_5ab7c1.htm,200,4923,eeedf13b7cac0a1d587303398cee762db632cebb99dd1f1bcc2a61712752b16c,2026-08-03T22:21:00+00:00
https://www.federalreserve.gov/boarddocs/press/monetary/2005/20050202/default.htm,data\raw\fomc_statements\20050202_4336e7.htm,200,3863,a0c08a8a196beb4f20f39e1310620d776d4e9d972a63a7f49af2a913a91febb0,2026-08-03T22:21:01+00:00
https://www.federalreserve.gov/boarddocs/press/monetary/2005/20050322/default.htm,data\raw\fomc_statements\20050322_84e518.htm,200,4040,4fa847c20c0878024f2673b318ac3eb95382c5c11d238c93679acf605ee3f9cd,2026-08-03T22:21:03+00:00
https://www.federalreserve.gov/boarddocs/press/monetary/2005/20050503/default.htm,data\raw\fomc_statements\20050503_c9a665.htm,200,4022,4ceec5a20b546163416422fe48073b21fdeae67362cd63aa08b53e72009debef,2026-08-03T22:21:04+00:00
https://www.federalreserve.gov/boarddocs/press/monetary/2005/20050630/default.htm,data\raw\fomc_statements\20050630_da15e0.htm,200,3896,2dcc3e6ccf86638d2d160b4c2fde298a54b36c52ab5f655cb5c66676b6a08cda,2026-08-03T22:21:05+00:00
https://www.federalreserve.gov/boarddocs/press/monetary/2005/20050809/default.htm,data\raw\fomc_statements\20050809_5d294f.htm,200,3975,6c94ec1abc5f9654227a2efe7a28d1f4ed867805764d68e455056197fe3d9d68,2026-08-03T22:21:07+00:00
https://www.federalreserve.gov/boarddocs/press/monetary/2005/20050920/,data\raw\fomc_statements\20050920_c91fbb.htm,200,4503,b472b07df1359823b7a519616a036b234f59fb600e11a87ca8abaabdc96fb181,2026-08-03T22:21:08+00:00
https://www.federalreserve.gov/boarddocs/press/monetary/2005/20051101/,data\raw\fomc_statements\20051101_0c6f8e.htm,200,4207,5c88bc9c6c7df975b7ba3567d732affd69690ef5391ecaebb099605246ae69a8,2026-08-03T22:21:09+00:00
https://www.federalreserve.gov/boarddocs/press/monetary/2005/20051213/,data\raw\fomc_statements\20051213_65c279.htm,200,3545,94f42f64747e72b60a8df90982ae4c4fb5bc05cd61cf220f644e0c876bed9377,2026-08-03T22:21:10+00:00
https://www.federalreserve.gov/newsevents/press/monetary/20060131a.htm,data\raw\fomc_statements\20060131_1ba0b0.htm,200,80766,83fdde3fa311498f1b59629ae1ea25986d684c9064d565c1a2d6f59e4059d4f9,2026-08-03T22:21:12+00:00
https://www.federalreserve.gov/newsevents/press/monetary/20060328a.htm,data\raw\fomc_statements\20060328_f85d88.htm,200,81090,3c5fa45826b88fb23380567516a09c3d37a2c8d3b0196fd8e9f3ccf966c94409,2026-08-03T22:21:14+00:00
https://www.federalreserve.gov/newsevents/press/monetary/20060510a.htm,data\raw\fomc_statements\20060510_3e26f1.htm,200,82999,33e52bc50142ba2417317aa0e4fb8465e2ddd383a6d1dc2702d5a44ca8fdaa4c,2026-08-03T22:21:15+00:00
https://www.federalreserve.gov/newsevents/press/monetary/20060629a.htm,data\raw\fomc_statements\20060629_4efcfa.htm,200,81174,730b2aa85d523d6b44e2c4a763529d992a60ca20f9bd01e91e98286270a5c498,2026-08-03T22:21:17+00:00
https://www.federalreserve.gov/newsevents/press/monetary/20060808a.htm,data\raw\fomc_statements\20060808_719fec.htm,200,80735,90fd229ffbfe33a081d4c61840fc5276e94e05679f17a5d5bb2c769ea9242161,2026-08-03T22:21:19+00:00
https://www.federalreserve.gov/newsevents/press/monetary/20060920a.htm,data\raw\fomc_statements\20060920_5586ba.htm,200,80685,40f6202ee299eb8b3367cae6cc2f5a01658ac4fff3aad5a685d55a9031bf1557,2026-08-03T22:21:20+00:00
https://www.federalreserve.gov/newsevents/press/monetary/20061025a.htm,data\raw\fomc_statements\20061025_158433.htm,200,80698,f82bc748a34cbe1827541d32493fe7641519b3e6beced68f366b6d00da37e572,2026-08-03T22:21:22+00:00
https://www.federalreserve.gov/newsevents/press/monetary/20061212a.htm,data\raw\fomc_statements\20061212_3ed0b3.htm,200,80773,09130759ff2729068470c75b57f3c4bedf531e526e8653b0f4a9a72d91c8291d,2026-08-03T22:21:24+00:00
https://www.federalreserve.gov/newsevents/press/monetary/20070131a.htm,data\raw\fomc_statements\20070131_15ceef.htm,200,80469,3151355d4eb10e38b9416df85b90fb7b7f0baa70f13c9ef87edea9febc411836,2026-08-03T22:21:25+00:00
https://www.federalreserve.gov/newsevents/press/monetary/20070321a.htm,data\raw\fomc_statements\20070321_7b5748.htm,200,80408,48899b6ba8b08d66c2f2147d7174ae7743fc6c0062f9bdd820e32fb447fa35eb,2026-08-03T22:21:27+00:00
https://www.federalreserve.gov/newsevents/press/monetary/20070509a.htm,data\raw\fomc_statements\20070509_4a4f72.htm,200,80393,01f822b1b092c0d6f6ada794efb6cae8ef6bc7dd3f2798396d2a2a61ddb99533,2026-08-03T22:21:28+00:00
https://www.federalreserve.gov/newsevents/press/monetary/20070618a.htm,data\raw\fomc_statements\20070618_8f51d6.htm,200,80487,a00f13d66f1a493bd45c7f49a839b432facf2c23ce3995066f9ab060ca467447,2026-08-03T22:21:30+00:00
https://www.federalreserve.gov/newsevents/press/monetary/20070807a.htm,data\raw\fomc_statements\20070807_a4e532.htm,200,80700,fd91fe8bd1135a06bd9e23caa0600ebd10b558ea67998b5e753ebcfcc74a0e60,2026-08-03T22:21:32+00:00
https://www.federalreserve.gov/newsevents/press/monetary/20070810a.htm,data\raw\fomc_statements\20070810_e73259.htm,200,80786,13eea5e53405d4b604b3777d7b3935fab7f15757e6d97135871ce9609130b846,2026-08-03T22:21:33+00:00
https://www.federalreserve.gov/newsevents/press/monetary/20070817b.htm,data\raw\fomc_statements\20070817_0a50f8.htm,200,80149,a38c452a357e4e012073ba595bc4e54b776e00e2b0995110c2c84b6a0ec45208,2026-08-03T22:21:35+00:00
https://www.federalreserve.gov/newsevents/press/monetary/20070918a.htm,data\raw\fomc_statements\20070918_04e54f.htm,200,81085,aaa720d297244adfa61b9345d6093a5205c3e81ba3737b05951c716c91cac820,2026-08-03T22:21:37+00:00
https://www.federalreserve.gov/newsevents/press/monetary/20071031a.htm,data\raw\fomc_statements\20071031_f6b6e7.htm,200,81350,4ac8a73fee7a9a0b611fb9eb78d93d9ea75dcaa5717eb14632a4eb6371cf3d55,2026-08-03T22:21:38+00:00
https://www.federalreserve.gov/newsevents/press/monetary/20071211a.htm,data\raw\fomc_statements\20071211_a9110f.htm,200,81269,bc2d678a32c2e66f532d4a26b0625ad1a9a1cd1ecd8bb772fe0f8687b95e3cfb,2026-08-03T22:21:40+00:00
https://www.federalreserve.gov/newsevents/press/monetary/20080122b.htm,data\raw\fomc_statements\20080122_44868c.htm,200,81017,ddd93585e2b9da71c9119b6fb613dd54ef23c5c239d6d9e51cdfb40b1da0b479,2026-08-03T22:21:41+00:00
https://www.federalreserve.gov/newsevents/press/monetary/20080130a.htm,data\raw\fomc_statements\20080130_bd92bd.htm,200,81012,aca1027f12b0ade9719142c18e7778def540eeba0e87bf66a3c8705ac1f714f1,2026-08-03T22:21:43+00:00
https://www.federalreserve.gov/newsevents/press/monetary/20080311a.htm,data\raw\fomc_statements\20080311_f7846c.htm,200,84096,ba2bb76ff16ff30feb7eb302679ba911e452b81969f6086946ec1c22d21574e1,2026-08-03T22:21:45+00:00
https://www.federalreserve.gov/newsevents/press/monetary/20080318a.htm,data\raw\fomc_statements\20080318_1d57c4.htm,200,81317,a65e733c24adabeb4c7cc529bfab30b6bbe78c05538110ef71154cdadc6c031b,2026-08-03T22:21:46+00:00
https://www.federalreserve.gov/newsevents/press/monetary/20080430a.htm,data\raw\fomc_statements\20080430_e106ec.htm,200,81373,0aae58ec6db9bfdd736d0f9a166233e127c78ae7861cdc514cb61dcc0bd0273a,2026-08-03T22:21:48+00:00
https://www.federalreserve.gov/newsevents/press/monetary/20080625a.htm,data\raw\fomc_statements\20080625_884f02.htm,200,81031,e252fd8783a3c553e5858e52b8214c9077ad21829ba38d63cb59f63bc009a432,2026-08-03T22:21:50+00:00
https://www.federalreserve.gov/newsevents/press/monetary/20080805a.htm,data\raw\fomc_statements\20080805_be550c.htm,200,80953,3fc02fb52a2ebcdebaa9a2ae06198590e705de533d9e71e8b747fc9ae3f02d42,2026-08-03T22:21:51+00:00
https://www.federalreserve.gov/newsevents/press/monetary/20080916a.htm,data\raw\fomc_statements\20080916_8bc66a.htm,200,80802,7e10bd72bf6f6b2bfff9631ffbf80b31f6179b9408357bef05fb3b1f5e0a403a,2026-08-03T22:21:53+00:00
https://www.federalreserve.gov/newsevents/press/monetary/20081008a.htm,data\raw\fomc_statements\20081008_1a4cfa.htm,200,83570,0bf1e35ecf0cb6c66f01f14fe43b929c6184fe95ad288306dc919cce4334fb55,2026-08-03T22:21:55+00:00
https://www.federalreserve.gov/newsevents/press/monetary/20081029a.htm,data\raw\fomc_statements\20081029_d3f5d0.htm,200,81277,d7c557a93b0c42323e1da51de8ea204e5326b4723b8136272635ab4672ae5455,2026-08-03T22:21:56+00:00
https://www.federalreserve.gov/newsevents/press/monetary/20081216b.htm,data\raw\fomc_statements\20081216_f4a3c8.htm,200,82135,e166652d6d9ef86928814177b253d256c80ba3d39681d308af7394d011f3d3d0,2026-08-03T22:21:58+00:00
https://www.federalreserve.gov/newsevents/press/monetary/20090128a.htm,data\raw\fomc_statements\20090128_1163f7.htm,200,82586,1a44f62ae32c37c6bfa66545e336029df25ccffb4d4f4c921fcc87b086689070,2026-08-03T22:22:00+00:00
https://www.federalreserve.gov/newsevents/press/monetary/20090318a.htm,data\raw\fomc_statements\20090318_c530bd.htm,200,82137,071b224d9e7f0a85630b70cdd925a08f9fc67e1f97d25a62d9338cc841e5f6fe,2026-08-03T22:22:01+00:00
https://www.federalreserve.gov/newsevents/press/monetary/20090429a.htm,data\raw\fomc_statements\20090429_eae923.htm,200,82107,c3009028abea29145815387a9b821caaa791f4d0f6db76e22f59d113cfdee65d,2026-08-03T22:22:03+00:00
https://www.federalreserve.gov/newsevents/press/monetary/20090624a.htm,data\raw\fomc_statements\20090624_77382a.htm,200,81768,80fe4fc0d617d90b7a357cd6f1fffff44b20f3b9591c3506912f158fc9a00e6c,2026-08-03T22:22:05+00:00
https://www.federalreserve.gov/newsevents/press/monetary/20090812a.htm,data\raw\fomc_statements\20090812_9a479a.htm,200,82041,f67dc42763d75c650f7fd1e0d20355dfeb94f077bfd5f34587e82d745edb374c,2026-08-03T22:22:06+00:00
https://www.federalreserve.gov/newsevents/press/monetary/20090923a.htm,data\raw\fomc_statements\20090923_dfdbf6.htm,200,82166,a69a47bafe1bc549440d68eaa280c8b2657352d5b16b13c0e4640f9774dae0e0,2026-08-03T22:22:08+00:00
https://www.federalreserve.gov/newsevents/press/monetary/20091104a.htm,data\raw\fomc_statements\20091104_10f74a.htm,200,82376,ed138eed6a0a29457091d07878e030fa0ac1ba9d1fab3af27f9ed73a58521a69,2026-08-03T22:22:09+00:00
https://www.federalreserve.gov/newsevents/press/monetary/20091216a.htm,data\raw\fomc_statements\20091216_16c46d.htm,200,83177,d9f7359b4e9893f6ed9364e15dde2fa8f174eae74b5b9f89260c73cd9de14f75,2026-08-03T22:22:11+00:00
https://www.federalreserve.gov/newsevents/press/monetary/20100127a.htm,data\raw\fomc_statements\20100127_034ce7.htm,200,82929,763bdc0c94a05b5179b0a1a7be578a0e91871f038a80a8c5d197f6f1dd9682e8,2026-08-03T22:22:13+00:00
https://www.federalreserve.gov/newsevents/press/monetary/20100316a.htm,data\raw\fomc_statements\20100316_5099e5.htm,200,82388,365c358d777150c31980b958eb139df3c5a90b9337e167494bac8359b41f8f9e,2026-08-03T22:22:14+00:00
https://www.federalreserve.gov/newsevents/press/monetary/20100428a.htm,data\raw\fomc_statements\20100428_087c18.htm,200,82130,728d5fb124c1f4fb01f9c91d913111cb301b3371241559f93c2faf4a960d3eb3,2026-08-03T22:22:16+00:00
https://www.federalreserve.gov/newsevents/press/monetary/20100509a.htm,data\raw\fomc_statements\20100509_736e82.htm,200,83374,e661d03ff87be9abce2186e5e7c80eafebd9b5c72ef92678da12df9cfa4450b4,2026-08-03T22:22:18+00:00
https://www.federalreserve.gov/newsevents/press/monetary/20100623a.htm,data\raw\fomc_statements\20100623_74bb4f.htm,200,81850,127c9c764f5e79f5d9783eadfe80b02a8c7660f9549bfbf7952e48301b15ec2e,2026-08-03T22:22:19+00:00
https://www.federalreserve.gov/newsevents/press/monetary/20100810a.htm,data\raw\fomc_statements\20100810_3a399a.htm,200,82844,bae5878dbddd03845890f9f3942e00c404c3532f02db1ba501809a23174d66c6,2026-08-03T22:22:21+00:00
https://www.federalreserve.gov/newsevents/press/monetary/20100921a.htm,data\raw\fomc_statements\20100921_06752b.htm,200,82302,4cc790e21b10410f9c214712e0a79391a92fb6f512df7174d92eb12460e717d1,2026-08-03T22:22:23+00:00
https://www.federalreserve.gov/newsevents/press/monetary/20101103a.htm,data\raw\fomc_statements\20101103_c98fbe.htm,200,82891,729b76328e5112d7622b6b226d2bbef03208fbb9eae8048d4d6784c7d4cb43f6,2026-08-03T22:22:24+00:00
https://www.federalreserve.gov/newsevents/press/monetary/20101214a.htm,data\raw\fomc_statements\20101214_b7fec6.htm,200,82740,9e9c4742cfac6ac835adb749990333ad305ea73a99f13d46e1a5c1e0312bffbd,2026-08-03T22:22:26+00:00
https://www.federalreserve.gov/newsevents/pressreleases/monetary20110126a.htm,data\raw\fomc_statements\20110126_cc2b1f.htm,200,82373,bd14f88e4aa194c36a1792fc00118f1c2db5c5fbeaa8226d1ff29d0edd89d4fc,2026-08-03T22:22:27+00:00
https://www.federalreserve.gov/newsevents/pressreleases/monetary20110315a.htm,data\raw\fomc_statements\20110315_bd54ca.htm,200,82515,b35ae50b13901c07509535b444f083e3fb62f674d9a41bfd1885f210977e747f,2026-08-03T22:22:29+00:00
https://www.federalreserve.gov/newsevents/pressreleases/monetary20110427a.htm,data\raw\fomc_statements\20110427_db3ac0.htm,200,82580,4c261ff6e81edebb412bb74a25038af687e0816577086e8d73a426553a2653c3,2026-08-03T22:22:30+00:00
https://www.federalreserve.gov/newsevents/pressreleases/monetary20110622a.htm,data\raw\fomc_statements\20110622_e55f91.htm,200,82525,8a199920ef160819a222e21d4592d7d89abe0e7a31c5d01eb5527d7c2d58a0bc,2026-08-03T22:22:31+00:00
https://www.federalreserve.gov/newsevents/pressreleases/monetary20110809a.htm,data\raw\fomc_statements\20110809_25ee23.htm,200,82998,da05cf3d9cc8a965afd0a30b8de3d2d401391126a31c0f7d24fe1edd3528cb38,2026-08-03T22:22:33+00:00
https://www.federalreserve.gov/newsevents/pressreleases/monetary20110921a.htm,data\raw\fomc_statements\20110921_140615.htm,200,84231,44304cf783694e4eaa583749f29a97f1879b98bc79ee751fde9bbacb4bca321b,2026-08-03T22:22:34+00:00
https://www.federalreserve.gov/newsevents/pressreleases/monetary20111102a.htm,data\raw\fomc_statements\20111102_b5f4ea.htm,200,82945,5a045046b168d80b19d7dba61c81507569e3f9014ad6da0d66141d2ad677431d,2026-08-03T22:22:35+00:00
https://www.federalreserve.gov/newsevents/pressreleases/monetary20111213a.htm,data\raw\fomc_statements\20111213_590fbe.htm,200,82588,415991620d648a2174ee8c80b60b2a9c124ce65b995b5a1e62d694fe720e2813,2026-08-03T22:22:37+00:00
https://www.federalreserve.gov/newsevents/pressreleases/monetary20120125a.htm,data\raw\fomc_statements\20120125_6b10be.htm,200,82474,826bee3df26a00ffa1120dc286c526cc133a206dc086b560e413d9d9faca6dd9,2026-08-03T22:22:38+00:00
https://www.federalreserve.gov/newsevents/pressreleases/monetary20120313a.htm,data\raw\fomc_statements\20120313_32c546.htm,200,82523,ebf572f3b2ab2695fb531fb9efa297f516affa4485f7c90db8ebd5c9a341cc7d,2026-08-03T22:22:39+00:00
https://www.federalreserve.gov/newsevents/pressreleases/monetary20120425a.htm,data\raw\fomc_statements\20120425_47abe1.htm,200,82574,ecef6b39877813b5ec07daf81102930a055a0290fda917e86ea0172164a3b9fc,2026-08-03T22:22:41+00:00
https://www.federalreserve.gov/newsevents/pressreleases/monetary20120620a.htm,data\raw\fomc_statements\20120620_f635d0.htm,200,83684,b5da08f56a75682236b545bf43a2420d2210d9b5d5e9beb1110a08d66df36664,2026-08-03T22:22:42+00:00
https://www.federalreserve.gov/newsevents/pressreleases/monetary20120801a.htm,data\raw\fomc_statements\20120801_aa3297.htm,200,82652,85f2d384a724b8c5c25bca6506ab10ebc2d76edd939fcae009a541138d43c3f6,2026-08-03T22:22:43+00:00
https://www.federalreserve.gov/newsevents/pressreleases/monetary20120913a.htm,data\raw\fomc_statements\20120913_b4dbbf.htm,200,83481,dae2fe6def097c0ee53d891f5e7fbd22b1ae2e478bcb40c23df4ffd4eefa0339,2026-08-03T22:22:44+00:00
https://www.federalreserve.gov/newsevents/pressreleases/monetary20121024a.htm,data\raw\fomc_statements\20121024_c2b133.htm,200,83465,6bded0fc36d6ebd80795a69882aec389dd707a4577669a45101a960d1c6927ba,2026-08-03T22:22:46+00:00
https://www.federalreserve.gov/newsevents/pressreleases/monetary20121212a.htm,data\raw\fomc_statements\20121212_2d717c.htm,200,84517,4d9513d84eae802e153bd5fa8c0d136340af3c01d442ad480f7c312b5de5db54,2026-08-03T22:22:47+00:00
https://www.federalreserve.gov/newsevents/pressreleases/monetary20130130a.htm,data\raw\fomc_statements\20130130_299071.htm,200,84103,7f4c4df69b407316c46b0eba8d599df224073e810c59dd64e1974381e06205ac,2026-08-03T22:22:49+00:00
https://www.federalreserve.gov/newsevents/pressreleases/monetary20130320a.htm,data\raw\fomc_statements\20130320_b8cfce.htm,200,84140,bd1e37af8aef73a161936136ae1c2c2a5c03436fb64a4ef28644b430eb1c06c5,2026-08-03T22:22:50+00:00
https://www.federalreserve.gov/newsevents/pressreleases/monetary20130501a.htm,data\raw\fomc_statements\20130501_488485.htm,200,84215,92b74569bdc36e1bb1f36a6b6eb763d075abf6fab938595ae3de29b4c5c54016,2026-08-03T22:22:51+00:00
https://www.federalreserve.gov/newsevents/pressreleases/monetary20130619a.htm,data\raw\fomc_statements\20130619_4eeab0.htm,200,84427,e63685c29dc76b03ffc5257b22b9feb524d27c0aea7623f897903a090e828dd1,2026-08-03T22:22:53+00:00
https://www.federalreserve.gov/newsevents/pressreleases/monetary20130731a.htm,data\raw\fomc_statements\20130731_15d657.htm,200,84403,eef9e54e4b0368d66c6887b565dd5367116791712027861139baff6f4054cc8a,2026-08-03T22:22:54+00:00
https://www.federalreserve.gov/newsevents/pressreleases/monetary20130918a.htm,data\raw\fomc_statements\20130918_f5f0de.htm,200,85071,7aabe4e0e46d737daed6c937b1e0467ce4a777ec51fa6ba0d5313caa14d1cf68,2026-08-03T22:22:55+00:00
https://www.federalreserve.gov/newsevents/pressreleases/monetary20131030a.htm,data\raw\fomc_statements\20131030_24ae1b.htm,200,84940,2ba21d39f85e9ee95fd1c2bf6beb8377717431f7437b44cb656226fde7bbbc3a,2026-08-03T22:22:56+00:00
https://www.federalreserve.gov/newsevents/pressreleases/monetary20131218a.htm,data\raw\fomc_statements\20131218_901339.htm,200,85728,a7afdd8b15a814ac42eec7d15976ae84e85f7843b49c65d18bd2c048d6ec2367,2026-08-03T22:22:58+00:00
https://www.federalreserve.gov/newsevents/pressreleases/monetary20140129a.htm,data\raw\fomc_statements\20140129_a29e5e.htm,200,85653,976a43922ed323ba40f958d5eb04181970e71978e80a0e30085e2f374bbc01c4,2026-08-03T22:22:59+00:00
https://www.federalreserve.gov/newsevents/pressreleases/monetary20140319a.htm,data\raw\fomc_statements\20140319_34589d.htm,200,85949,4ad93ae9aab19e40a6ceee314dc5be5862f95c7366f108ed4935e138a7a5abe1,2026-08-03T22:23:00+00:00
https://www.federalreserve.gov/newsevents/pressreleases/monetary20140430a.htm,data\raw\fomc_statements\20140430_1e6e27.htm,200,85437,5cb0be9b64ec0f3886df6e30629ec9f942755a515ad81d6d9c2a783e75cb9709,2026-08-03T22:23:02+00:00
https://www.federalreserve.gov/newsevents/pressreleases/monetary20140618a.htm,data\raw\fomc_statements\20140618_99c914.htm,200,85367,cf85e153e19e842681c83197d6b1f9d22d3d01de82ec4411186c5e2643c9c684,2026-08-03T22:23:03+00:00
https://www.federalreserve.gov/newsevents/pressreleases/monetary20140730a.htm,data\raw\fomc_statements\20140730_a0d085.htm,200,86286,c16b2174acbdf2dd281f90871353c311fc5d714347e7ba055d1e9eab35a18e64,2026-08-03T22:23:04+00:00
https://www.federalreserve.gov/newsevents/pressreleases/monetary20140917a.htm,data\raw\fomc_statements\20140917_c06ee5.htm,200,86015,78c16e1c3ecdc8c63e2e5bcd612e9ffda994ce5bff4023180eb442a9805e2594,2026-08-03T22:23:06+00:00
https://www.federalreserve.gov/newsevents/pressreleases/monetary20141029a.htm,data\raw\fomc_statements\20141029_60df37.htm,200,85398,4d14752c56909b7ec0d28026c6b6928f65b2218d9b6f35c2f6c08bd09f31fbc7,2026-08-03T22:23:07+00:00
https://www.federalreserve.gov/newsevents/pressreleases/monetary20141217a.htm,data\raw\fomc_statements\20141217_860b5c.htm,200,84752,94b0022ec0ca1f41e92503be6517fe0c5b85ae423d54eb3e25e7281f321e000c,2026-08-03T22:23:08+00:00
https://www.federalreserve.gov/newsevents/pressreleases/monetary20150128a.htm,data\raw\fomc_statements\20150128_8837ef.htm,200,83753,4639b1c3a30418c061850daa58a5bd36c636e10cdd99e3cb8fcaa7b480f56ab9,2026-08-03T22:23:09+00:00
https://www.federalreserve.gov/newsevents/pressreleases/monetary20150318a.htm,data\raw\fomc_statements\20150318_a1aedb.htm,200,83666,d03592952a718db66ee4aa3a13318628faa255b96f59bc2a999962b487feb08f,2026-08-03T22:23:11+00:00
https://www.federalreserve.gov/newsevents/pressreleases/monetary20150429a.htm,data\raw\fomc_statements\20150429_cac965.htm,200,83557,d6a48929d0597802bdab7da8ccc67807bce0738a32ceaa03c959119bcae73d5f,2026-08-03T22:23:12+00:00
https://www.federalreserve.gov/newsevents/pressreleases/monetary20150617a.htm,data\raw\fomc_statements\20150617_3bd7c4.htm,200,83413,21e1b8b6dc0b0dd02ac3ccd0acf05856c620157e9995b2f578e32c2c9749dc50,2026-08-03T22:23:13+00:00
https://www.federalreserve.gov/newsevents/pressreleases/monetary20150729a.htm,data\raw\fomc_statements\20150729_fd8e54.htm,200,83382,59e71396c4729f4266a2a433980f6f9530678b25be1c7e23bf8017526d91dbdd,2026-08-03T22:23:15+00:00
https://www.federalreserve.gov/newsevents/pressreleases/monetary20150917a.htm,data\raw\fomc_statements\20150917_b284ba.htm,200,83683,be59a6fde4433074f87268dce6d5d28df05bb4208f8b890fe53531b84214bcbe,2026-08-03T22:23:16+00:00
https://www.federalreserve.gov/newsevents/pressreleases/monetary20151028a.htm,data\raw\fomc_statements\20151028_1d1b75.htm,200,83593,75f1f25eb8a87cdf82211982efa0f30392cef4e996b7fe2222d46c1291381c03,2026-08-03T22:23:17+00:00
https://www.federalreserve.gov/newsevents/pressreleases/monetary20151216a.htm,data\raw\fomc_statements\20151216_4bb589.htm,200,83621,dfb48a8a65071c841a2131402f82f4e99968be50db4d99cd2e85b748782f28c8,2026-08-03T22:23:19+00:00
https://www.federalreserve.gov/newsevents/pressreleases/monetary20160127a.htm,data\raw\fomc_statements\20160127_e6e5c3.htm,200,83480,23d6318be43172a115ef490857552127976cc97fededafe6056543380ab7577a,2026-08-03T22:23:20+00:00
https://www.federalreserve.gov/newsevents/pressreleases/monetary20160316a.htm,data\raw\fomc_statements\20160316_01de1f.htm,200,83538,27a2e6f4244305d4d9bb77206d124aa7c2131e485a78ede7e2301f358cfa7f64,2026-08-03T22:23:21+00:00
https://www.federalreserve.gov/newsevents/pressreleases/monetary20160427a.htm,data\raw\fomc_statements\20160427_97094e.htm,200,83564,db04efb93e392493db6748f958f98dceddbac0a76ec1b1c0ccd60927fd4b315c,2026-08-03T22:23:23+00:00
https://www.federalreserve.gov/newsevents/pressreleases/monetary20160615a.htm,data\raw\fomc_statements\20160615_8ea63d.htm,200,83334,f7d3312f271e47ea5e126a6fe44de11e781123f4c038e8363411eeff1b6b60c4,2026-08-03T22:23:24+00:00
https://www.federalreserve.gov/newsevents/pressreleases/monetary20160727a.htm,data\raw\fomc_statements\20160727_1f6f04.htm,200,83478,083a77d7e06c62e35881dc7f8eb29ee4d5c8d21545531d98077e76e5a730cfdc,2026-08-03T22:23:25+00:00
https://www.federalreserve.gov/newsevents/pressreleases/monetary20160921a.htm,data\raw\fomc_statements\20160921_b918ae.htm,200,83694,6c6f43e5c2d588a18029519beddabc09f333c08b05c66b34d47544bc45697f39,2026-08-03T22:23:26+00:00
https://www.federalreserve.gov/newsevents/pressreleases/monetary20161102a.htm,data\raw\fomc_statements\20161102_352595.htm,200,83666,c1a9f43fd53ab7f411653f9a4cd323901caddd4e383cfd0a38e30e0bf2f9ce3b,2026-08-03T22:23:28+00:00
https://www.federalreserve.gov/newsevents/pressreleases/monetary20161214a.htm,data\raw\fomc_statements\20161214_4458dd.htm,200,83325,479caea890fee8165236d4bcb5e46b37195e60e95c2d4221f64bce9160d5a29b,2026-08-03T22:23:29+00:00
https://www.federalreserve.gov/newsevents/pressreleases/monetary20170201a.htm,data\raw\fomc_statements\20170201_381f51.htm,200,83773,63c1dd939c7c58dfbacd20465983cb5ee440c055695e19039b93e1376d320484,2026-08-03T22:23:30+00:00
https://www.federalreserve.gov/newsevents/pressreleases/monetary20170315a.htm,data\raw\fomc_statements\20170315_0da0f9.htm,200,83508,bc31becf38e0a4f7da4395d4fc34d0d7f87dd2928f8a1ebca889cd307ba529e4,2026-08-03T22:23:32+00:00
https://www.federalreserve.gov/newsevents/pressreleases/monetary20170503a.htm,data\raw\fomc_statements\20170503_c4d495.htm,200,83489,73242100f8257ae57d9bee8468596ae3cd9e09098d40e390d2e03e4bc4590701,2026-08-03T22:23:33+00:00
https://www.federalreserve.gov/newsevents/pressreleases/monetary20170614a.htm,data\raw\fomc_statements\20170614_b8316a.htm,200,83685,c5ea34900b361d6b5847e429505551f868703b7ee30b03ccd3d51fcdfd9de99f,2026-08-03T22:23:34+00:00
https://www.federalreserve.gov/newsevents/pressreleases/monetary20170726a.htm,data\raw\fomc_statements\20170726_47a059.htm,200,83373,d4c51ea92f78484e8be1ea9d715b27ebd2e402d14b13b276098a74d96c8771c5,2026-08-03T22:23:36+00:00
https://www.federalreserve.gov/newsevents/pressreleases/monetary20170920a.htm,data\raw\fomc_statements\20170920_7b989a.htm,200,83549,fa3cd61942138bac1544bca9b1242d24d8adaeecb3fd489bbd98b9a65890149d,2026-08-03T22:23:37+00:00
https://www.federalreserve.gov/newsevents/pressreleases/monetary20171101a.htm,data\raw\fomc_statements\20171101_30666b.htm,200,83429,4eb4d4a111f6e882503b17e9b6dfa065730f09e074b6e74f4069e6b680e2de08,2026-08-03T22:23:38+00:00
https://www.federalreserve.gov/newsevents/pressreleases/monetary20171213a.htm,data\raw\fomc_statements\20171213_05bb8d.htm,200,83208,9fbb36bbeabf8d648c1b23f92d9d1b2baa8da754e71f5ef99807898874c71752,2026-08-03T22:23:39+00:00
https://www.federalreserve.gov/newsevents/pressreleases/monetary20180131a.htm,data\raw\fomc_statements\20180131_8c0902.htm,200,82749,9992d9454c92653ebdcd2ad864034fe12742a7f0e01a813fc5d442788a3cda9b,2026-08-03T22:23:41+00:00
https://www.federalreserve.gov/newsevents/pressreleases/monetary20180321a.htm,data\raw\fomc_statements\20180321_c8aad0.htm,200,82910,545cfdbacbe8a0f34964ae01118f26be0c6bcbd5bbd81fc03af3c41dc2cfa668,2026-08-03T22:23:42+00:00
https://www.federalreserve.gov/newsevents/pressreleases/monetary20180502a.htm,data\raw\fomc_statements\20180502_8191ab.htm,200,82726,5084c32a19a231a21ccf24696db8f965baf5f0e04741c359db2b5be0ec599fff,2026-08-03T22:23:43+00:00
https://www.federalreserve.gov/newsevents/pressreleases/monetary20180613a.htm,data\raw\fomc_statements\20180613_419c4e.htm,200,82088,03e24cacb584d7b2695f801f546a88201b811945a9e4e35337b0faadf0b536fc,2026-08-03T22:23:45+00:00
https://www.federalreserve.gov/newsevents/pressreleases/monetary20180801a.htm,data\raw\fomc_statements\20180801_4aa99f.htm,200,82029,9ed74b287a5c38ba2ed62cb2b4bc30b3d1e50f1bba50be980404b2c798e8e329,2026-08-03T22:23:46+00:00
https://www.federalreserve.gov/newsevents/pressreleases/monetary20180926a.htm,data\raw\fomc_statements\20180926_31156f.htm,200,81908,39cdfc0d76c8d095a5fc367c4f1f4c69c34bf623761f63d69de5d8d3e5cba5a9,2026-08-03T22:23:47+00:00
https://www.federalreserve.gov/newsevents/pressreleases/monetary20181108a.htm,data\raw\fomc_statements\20181108_39d935.htm,200,81982,08752ee45de0ee08104cde89a4052c5d0e996af0f1a74205036a1948d6eaa638,2026-08-03T22:23:49+00:00
https://www.federalreserve.gov/newsevents/pressreleases/monetary20181219a.htm,data\raw\fomc_statements\20181219_86edad.htm,200,82169,da655eb8a46e4d4fa940ec4dd0d9e0a2a2119e8c7b66a8e4b175245a39e285cd,2026-08-03T22:23:50+00:00
https://www.federalreserve.gov/newsevents/pressreleases/monetary20190130a.htm,data\raw\fomc_statements\20190130_d17de6.htm,200,82155,f007de3c08c807c91bdf86c6431413d1d16b7fc44bc71cac8bf0ba7e0e5f3a89,2026-08-03T22:23:51+00:00
https://www.federalreserve.gov/newsevents/pressreleases/monetary20190320a.htm,data\raw\fomc_statements\20190320_3924ec.htm,200,82248,c50df52723c9c7d8e9a235e1edc2de2cb3b4b18d29bb6a7c32881aa81675bf96,2026-08-03T22:23:52+00:00
https://www.federalreserve.gov/newsevents/pressreleases/monetary20190501a.htm,data\raw\fomc_statements\20190501_8a06ba.htm,200,82078,ed6a8fb562990faaa1fccfa95a2ca3d477b05c87c9e9150591149e7ef7435f01,2026-08-03T22:23:54+00:00
https://www.federalreserve.gov/newsevents/pressreleases/monetary20190619a.htm,data\raw\fomc_statements\20190619_a5f98e.htm,200,82320,47199db47491361022d20d86ca7e92bff8b6f1123b2e85c1f4fa4eb72fc96435,2026-08-03T22:23:55+00:00
https://www.federalreserve.gov/newsevents/pressreleases/monetary20190731a.htm,data\raw\fomc_statements\20190731_bc10e7.htm,200,82608,ecbeb7f03b672f7db3e5e84350fa5c7b894e8a941b4148692683026497ded7bc,2026-08-03T22:23:56+00:00
https://www.federalreserve.gov/newsevents/pressreleases/monetary20190918a.htm,data\raw\fomc_statements\20190918_c1e957.htm,200,82504,472ad46c667911906136c357f883bfe1d919fc98b775d448090d5663f1f7619a,2026-08-03T22:23:58+00:00
https://www.federalreserve.gov/newsevents/pressreleases/monetary20191011a.htm,data\raw\fomc_statements\20191011_82c091.htm,200,85772,d26e68840d91cf74e8305c52c105a04ebce41196b4cea5393330c06e2e3a7a4d,2026-08-03T22:23:59+00:00
https://www.federalreserve.gov/newsevents/pressreleases/monetary20191030a.htm,data\raw\fomc_statements\20191030_c49b3c.htm,200,82275,82df1d744835f1af65620c12d4ec01ab4a01274eba5aea63a7f73a88b735d22c,2026-08-03T22:24:00+00:00
https://www.federalreserve.gov/newsevents/pressreleases/monetary20191211a.htm,data\raw\fomc_statements\20191211_bbd262.htm,200,82073,9c530eecde0f90a9db30ecd82270582dbc87c2510abdd135a7d97103476ca0f9,2026-08-03T22:24:02+00:00
https://www.federalreserve.gov/newsevents/pressreleases/monetary20200129a.htm,data\raw\fomc_statements\20200129_dffd8d.htm,200,82079,7401487879031d347711bd11399f5e7e8db19da3b0d1368bcb9149222a5f02d4,2026-08-03T22:24:03+00:00
https://www.federalreserve.gov/newsevents/pressreleases/monetary20200303a.htm,data\raw\fomc_statements\20200303_bde509.htm,200,80778,3c8f2d7fbd2283e27b8b43b92df5b036b3719c1a284ca110adfa1ad56497ab73,2026-08-03T22:24:04+00:00
https://www.federalreserve.gov/newsevents/pressreleases/monetary20200315a.htm,data\raw\fomc_statements\20200315_bb0f33.htm,200,85154,0eff7d79f907b97e3f14db8f6aa92a3b130e79358e124a2574d42665a56163cf,2026-08-03T22:24:05+00:00
https://www.federalreserve.gov/newsevents/pressreleases/monetary20200323a.htm,data\raw\fomc_statements\20200323_2d11bb.htm,200,85027,422aa6be59252894886427a166215208a71fe03fce40d73e8b30285b697e3d6c,2026-08-03T22:24:07+00:00
https://www.federalreserve.gov/newsevents/pressreleases/monetary20200429a.htm,data\raw\fomc_statements\20200429_2f5695.htm,200,82800,c6a6a3283dfd9d76a02c5c7ecc03a76a6126bed349062b1194eb8da8b3f24acc,2026-08-03T22:24:08+00:00
https://www.federalreserve.gov/newsevents/pressreleases/monetary20200610a.htm,data\raw\fomc_statements\20200610_53ac36.htm,200,82796,e3c2d4b2cfc8d5ff638652cdaecf2296e81f84f5788670f384ab006918fe9ae3,2026-08-03T22:24:10+00:00
https://www.federalreserve.gov/newsevents/pressreleases/monetary20200729a.htm,data\raw\fomc_statements\20200729_49e6e5.htm,200,82936,4b93139b1af9cf5369948f8bdad42c96b44d35285f7983540c070b6a0270d8b4,2026-08-03T22:24:11+00:00
https://www.federalreserve.gov/newsevents/pressreleases/monetary20200916a.htm,data\raw\fomc_statements\20200916_c30328.htm,200,83554,c350896c484235dc182cd332e90a96e52786cdbd8ae6de8ab0164ae4c0a500c8,2026-08-03T22:24:12+00:00
https://www.federalreserve.gov/newsevents/pressreleases/monetary20201105a.htm,data\raw\fomc_statements\20201105_758662.htm,200,83013,e263f47f46ff40ad4b603dcb3a4a5eeeff32c15a4f47963fc965dd67ad3fd921,2026-08-03T22:24:14+00:00
https://www.federalreserve.gov/newsevents/pressreleases/monetary20201216a.htm,data\raw\fomc_statements\20201216_bec1a0.htm,200,83124,6e546ca52626b2451e403f1ed95131f5f21b6ddefff1c3848ba9f6b5c1eef93e,2026-08-03T22:24:15+00:00
https://www.federalreserve.gov/newsevents/pressreleases/monetary20210127a.htm,data\raw\fomc_statements\20210127_5b4f71.htm,200,83195,6487d42789b7744ffc72d705977425ea01102fcc0b6d1115b89d3bfc4a454fd6,2026-08-03T22:24:16+00:00
https://www.federalreserve.gov/newsevents/pressreleases/monetary20210317a.htm,data\raw\fomc_statements\20210317_346275.htm,200,83157,72fdf8e31f0275b6567d9b46c45702162d35f3372ee297ef879bd236f9ca0a78,2026-08-03T22:24:18+00:00
https://www.federalreserve.gov/newsevents/pressreleases/monetary20210428a.htm,data\raw\fomc_statements\20210428_67ab36.htm,200,83145,7b40ead682b122fcac6d9d0da69ad41e25a25de47a0943521dedb3d3af65cd5f,2026-08-03T22:24:19+00:00
https://www.federalreserve.gov/newsevents/pressreleases/monetary20210616a.htm,data\raw\fomc_statements\20210616_70528e.htm,200,83105,7a07ef7b0c3a0cb859c957504ff5a9acfe7d7c04f39291056b4132a257f40a40,2026-08-03T22:24:20+00:00
https://www.federalreserve.gov/newsevents/pressreleases/monetary20210728a.htm,data\raw\fomc_statements\20210728_7efeaa.htm,200,83188,9c3fc1720f900d7c388bf1a59f090792e612a578284a93404706350e9bc0d71e,2026-08-03T22:24:22+00:00
https://www.federalreserve.gov/newsevents/pressreleases/monetary20210922a.htm,data\raw\fomc_statements\20210922_0edec1.htm,200,83307,212e7dc3733c14321e161585b4f76da3fb7ea58fdc2d573d0998683cb6ec8fa3,2026-08-03T22:24:23+00:00
https://www.federalreserve.gov/newsevents/pressreleases/monetary20211103a.htm,data\raw\fomc_statements\20211103_a47a55.htm,200,83986,b6a3eb369b0cf6b31fa8ff4223cf7af3ed17adb1abdea5ff66528c965abd5d3f,2026-08-03T22:24:24+00:00
https://www.federalreserve.gov/newsevents/pressreleases/monetary20211215a.htm,data\raw\fomc_statements\20211215_63e932.htm,200,83382,7fa0ae54c9093739b83a40d6d65c74f449d9f29920487ab1b800f0d3a72cccc7,2026-08-03T22:24:25+00:00
https://www.federalreserve.gov/newsevents/pressreleases/monetary20220126a.htm,data\raw\fomc_statements\20220126_f3cbfa.htm,200,82747,ba9b19cae556765bb32d0159e4aa53874cab12f7f906d6adb67951ca5813bd8d,2026-08-03T22:24:27+00:00
https://www.federalreserve.gov/newsevents/pressreleases/monetary20220316a.htm,data\raw\fomc_statements\20220316_ea0bc3.htm,200,82240,af48441f4fc608efa7c106eb8228ccabcbedf1e0aa1de84aba267ebb99ff0c6e,2026-08-03T22:24:28+00:00
https://www.federalreserve.gov/newsevents/pressreleases/monetary20220504a.htm,data\raw\fomc_statements\20220504_0de246.htm,200,82755,910d5dd11ce4eab9c06399966c89c9e9e6e8cf0f71540000ded2d1241cd17158,2026-08-03T22:24:29+00:00
https://www.federalreserve.gov/newsevents/pressreleases/monetary20220615a.htm,data\raw\fomc_statements\20220615_692801.htm,200,82385,da441023a216c6de9c5e77de99bc068e792f92daa3130cb342df595654c93c62,2026-08-03T22:24:31+00:00
https://www.federalreserve.gov/newsevents/pressreleases/monetary20220727a.htm,data\raw\fomc_statements\20220727_a140cf.htm,200,82046,3f30f0e4948b4eaae143fa4c691e1ce51daa010c867a340cf9768aff6ae46082,2026-08-03T22:24:32+00:00
https://www.federalreserve.gov/newsevents/pressreleases/monetary20220921a.htm,data\raw\fomc_statements\20220921_58df42.htm,200,82053,4999ca9aae0bdbac93435bc0e2de0b72ca873b4b72636cd37c4635cd820f719e,2026-08-03T22:24:33+00:00
https://www.federalreserve.gov/newsevents/pressreleases/monetary20221102a.htm,data\raw\fomc_statements\20221102_aa3f7b.htm,200,82687,692505b24c5c154dfaf7a856e868bc3d5d773b18f29f4fcc38b98e4805ae5464,2026-08-03T22:24:35+00:00
https://www.federalreserve.gov/newsevents/pressreleases/monetary20221214a.htm,data\raw\fomc_statements\20221214_10e02b.htm,200,82688,ded101b9e016bf3f486472f5e449420577557064ecde0106902c4c77d81b45ad,2026-08-03T22:24:36+00:00
https://www.federalreserve.gov/newsevents/pressreleases/monetary20230201a.htm,data\raw\fomc_statements\20230201_4ec9ec.htm,200,82434,43a0d49c6be1253f4637ce238193c4ad109ffdeb8bbc9e5448576cedbf2ce0de,2026-08-03T22:24:37+00:00
https://www.federalreserve.gov/newsevents/pressreleases/monetary20230322a.htm,data\raw\fomc_statements\20230322_70b9e5.htm,200,82630,78edfba433cc36b9629a06add283b30f0644721041ec7ca4c3fbb66010d2955c,2026-08-03T22:24:39+00:00
https://www.federalreserve.gov/newsevents/pressreleases/monetary20230503a.htm,data\raw\fomc_statements\20230503_61b223.htm,200,82413,18e7e91a3365baf4cdf43312b0187b9af98fd36f1b29afb7b5fdd4548e2d57bc,2026-08-03T22:24:40+00:00
https://www.federalreserve.gov/newsevents/pressreleases/monetary20230614a.htm,data\raw\fomc_statements\20230614_898bfd.htm,200,82483,74a8b53dc2e5bc389470c8c5d16702e1a8274e766fe98628cee959983e1ec13b,2026-08-03T22:24:41+00:00
https://www.federalreserve.gov/newsevents/pressreleases/monetary20230726a.htm,data\raw\fomc_statements\20230726_006639.htm,200,82440,538ec0cd3914380e4763ccc8c17d1f12fd61067eb6862d67bfbd9b6cc8feaeea,2026-08-03T22:24:42+00:00
https://www.federalreserve.gov/newsevents/pressreleases/monetary20230920a.htm,data\raw\fomc_statements\20230920_b4badf.htm,200,82487,a040e8c2bd8061c3cc3f8f72b8e5683812a2b408953670f3033193a1400d780b,2026-08-03T22:24:44+00:00
https://www.federalreserve.gov/newsevents/pressreleases/monetary20231101a.htm,data\raw\fomc_statements\20231101_8446a9.htm,200,82521,7892adb17738bc18ca74620d07e96c35e41c21b06f61432d2f9205073866a129,2026-08-03T22:24:45+00:00
https://www.federalreserve.gov/newsevents/pressreleases/monetary20231213a.htm,data\raw\fomc_statements\20231213_ea367b.htm,200,82575,7a6c1cfd524e459001516fe9746f9abb30490ce61eae47ec8d0f05e9f8dd2d8a,2026-08-03T22:24:46+00:00
https://www.federalreserve.gov/newsevents/pressreleases/monetary20240131a.htm,data\raw\fomc_statements\20240131_b2dc8f.htm,200,82387,52884c9b9e07679f46e1835cdcd1fc1b384f6959d91359189a1780ce8fb832a1,2026-08-03T22:24:48+00:00
https://www.federalreserve.gov/newsevents/pressreleases/monetary20240320a.htm,data\raw\fomc_statements\20240320_642869.htm,200,82347,5a34e69f51f080f6f96fa6cbb89bf19fcba700343fb1be036177a7b26600ad75,2026-08-03T22:24:49+00:00
https://www.federalreserve.gov/newsevents/pressreleases/monetary20240501a.htm,data\raw\fomc_statements\20240501_b05f06.htm,200,82833,199a1f70959d81cfe54895970a54153812c0c49fd9fc9279f974227923fbd393,2026-08-03T22:24:50+00:00
https://www.federalreserve.gov/newsevents/pressreleases/monetary20240612a.htm,data\raw\fomc_statements\20240612_c27b2c.htm,200,82435,7c2188828896e69f28f44231736a01a0b5634ea2778843039a27c46c6cb85e70,2026-08-03T22:24:52+00:00
https://www.federalreserve.gov/newsevents/pressreleases/monetary20240731a.htm,data\raw\fomc_statements\20240731_3c79c8.htm,200,82515,da2840c1f89d2726a0038a039422a55726e3e746b5dd3870d1d467a304f0aa70,2026-08-03T22:24:53+00:00
https://www.federalreserve.gov/newsevents/pressreleases/monetary20240918a.htm,data\raw\fomc_statements\20240918_013762.htm,200,82514,eaff4e85dd2bbc0ce821d56fce9551cb21561b0ffedb32430f894bb9b3ff4105,2026-08-03T22:24:54+00:00
https://www.federalreserve.gov/newsevents/pressreleases/monetary20241107a.htm,data\raw\fomc_statements\20241107_3dc405.htm,200,82289,a296bd74ce00f04241d0dab9597ddb5db718ccc6ec2c1b3a7c380acb687621d7,2026-08-03T22:24:55+00:00
https://www.federalreserve.gov/newsevents/pressreleases/monetary20241218a.htm,data\raw\fomc_statements\20241218_a75d38.htm,200,82442,088551cabe369aa2f099363ca8efa0adc2091c377652c4a656a575236939c77b,2026-08-03T22:24:57+00:00
https://www.federalreserve.gov/newsevents/pressreleases/monetary20250129a.htm,data\raw\fomc_statements\20250129_dfe399.htm,200,82218,05b09e2cc914ebfc640e9f044122c57b946b6b6d5a8dc73384725a7e88978014,2026-08-03T22:24:58+00:00
https://www.federalreserve.gov/newsevents/pressreleases/monetary20250319a.htm,data\raw\fomc_statements\20250319_c50c24.htm,200,82597,b01e2aec1b980152612f7b49a296858561897d52a6897b0d375fc4ffac929153,2026-08-03T22:24:59+00:00
https://www.federalreserve.gov/newsevents/pressreleases/monetary20250507a.htm,data\raw\fomc_statements\20250507_568684.htm,200,82312,eb6cd3af49a9991748500516a1559281533fbcd36fcd8378d83c3d8f4a63d429,2026-08-03T22:25:01+00:00
https://www.federalreserve.gov/newsevents/pressreleases/monetary20250618a.htm,data\raw\fomc_statements\20250618_3c3fca.htm,200,82158,640123212e6e6ef42f88f54d885fc4bca194f3d2dcc46ff6313afd4d52395170,2026-08-03T22:25:02+00:00
https://www.federalreserve.gov/newsevents/pressreleases/monetary20250730a.htm,data\raw\fomc_statements\20250730_4ee46d.htm,200,82323,6c83643a92fa4ea8ce68b09d9ee252b35f3c53d3a13ca0a905aceb5a20ebf464,2026-08-03T22:25:04+00:00
https://www.federalreserve.gov/newsevents/pressreleases/monetary20250917a.htm,data\raw\fomc_statements\20250917_aa4028.htm,200,82366,031608b15b6f2f7f2f1c7b3afe51e8a9ed8f4f1d2e12285c291f940e776d40d6,2026-08-03T22:25:05+00:00
https://www.federalreserve.gov/newsevents/pressreleases/monetary20251029a.htm,data\raw\fomc_statements\20251029_70bdfc.htm,200,82538,79cabd772a2cdf95696fd2df5c2f2ef68c4dac656bb905555647b0e5c24b2bb9,2026-08-03T22:25:06+00:00
https://www.federalreserve.gov/newsevents/pressreleases/monetary20251210a.htm,data\raw\fomc_statements\20251210_68cd4b.htm,200,82679,d148ef92356c5fb032c45b11401b2b27b88380ba1246d0218d989ddfec97fe13,2026-08-03T22:25:08+00:00
https://www.federalreserve.gov/newsevents/pressreleases/monetary20260128a.htm,data\raw\fomc_statements\20260128_4127eb.htm,200,82109,617c54b1004f89f056cec09cdc5a77f411118516a24102a3b0726772a0367ded,2026-08-03T22:25:09+00:00
https://www.federalreserve.gov/newsevents/pressreleases/monetary20260318a.htm,data\raw\fomc_statements\20260318_459ed7.htm,200,82190,5133ef38d6056241d941bd9beadbd95a0ae4fb36306287080957467e5f91706d,2026-08-03T22:25:10+00:00
https://www.federalreserve.gov/newsevents/pressreleases/monetary20260429a.htm,data\raw\fomc_statements\20260429_cd22c1.htm,200,82414,d6dc7d8bffe372ee30415719a6d9793816bd902d160fa1b59ff96688698ef89b,2026-08-03T22:25:12+00:00
https://www.federalreserve.gov/newsevents/pressreleases/monetary20260617a.htm,data\raw\fomc_statements\20260617_94826f.htm,200,81083,45eb5d3377ff8e149a063a59a78031cc73f9c66cab4132cbd7722df1501662bc,2026-08-03T22:25:13+00:00
https://www.federalreserve.gov/newsevents/pressreleases/monetary20260729a.htm,data\raw\fomc_statements\20260729_e290aa.htm,200,81213,55d43acbb8d5fb8c9f0ef2cba59414f1bae52eab2e97d98ec15ffc8df455b782,2026-08-03T22:25:14+00:00
